entry_id,txn_reference,posted_value,ccy,posted_at
ENTRY-TXN-0003MV-00000000,TXN-0003MV-00000000,18182.82,INR,2026-08-19T17:43:00.426Z
ENTRY-TXN-0003MV-00000001,TXN-0003MV-00000001,6465.12,INR,2026-08-19T17:43:00.788Z
ENTRY-TXN-0003MV-00000002,TXN-0003MV-00000002,8695.64,INR,2026-08-19T17:43:00.781Z
ENTRY-TXN-0003MV-00000003,TXN-0003MV-00000003,21750.41,INR,2026-08-19T17:43:00.875Z
ENTRY-TXN-0003MV-00000004,TXN-0003MV-00000004,24841.35,INR,2026-08-19T17:43:01.230Z
ENTRY-TXN-0003MV-00000005,TXN-0003MV-00000005,42049.91,INR,2026-08-19T17:43:01.248Z
ENTRY-TXN-0003MV-00000006,TXN-0003MV-00000006,22329.86,INR,2026-08-19T17:43:01.170Z
ENTRY-TXN-0003MV-00000007,TXN-0003MV-00000007,34259.62,INR,2026-08-19T17:43:01.569Z
ENTRY-TXN-0003MV-00000008,TXN-0003MV-00000008,22476.60,INR,2026-08-19T17:43:01.692Z
ENTRY-TXN-0003MV-00000009,TXN-0003MV-00000009,5464.71,INR,2026-08-19T17:43:01.521Z
ENTRY-TXN-0003MV-00000010,TXN-0003MV-00000010,29071.05,INR,2026-08-19T17:43:01.579Z
ENTRY-TXN-0003MV-00000011,TXN-0003MV-00000011,44172.54,INR,2026-08-19T17:43:01.858Z
ENTRY-TXN-0003MV-00000013,TXN-0003MV-00000013,7750.42,INR,2026-08-19T17:43:01.794Z
ENTRY-TXN-0003MV-00000014,TXN-0003MV-00000014,7883.24,INR,2026-08-19T17:43:02.197Z
ENTRY-TXN-0003MV-00000015,TXN-0003MV-00000015,7194.87,INR,2026-08-19T17:43:02.402Z
ENTRY-TXN-0003MV-00000016,TXN-0003MV-00000016,15590.38,INR,2026-08-19T17:43:02.099Z
ENTRY-TXN-0003MV-00000017,TXN-0003MV-00000017,10080.76,INR,2026-08-19T17:43:02.632Z
ENTRY-TXN-0003MV-00000018,TXN-0003MV-00000018,25265.37,INR,2026-08-19T17:43:02.367Z
ENTRY-TXN-0003MV-00000019,TXN-0003MV-00000019,40472.49,INR,2026-08-19T17:43:02.703Z
ENTRY-TXN-0003MV-00000020,TXN-0003MV-00000020,1189.42,INR,2026-08-19T17:43:02.365Z
ENTRY-TXN-0003MV-00000021,TXN-0003MV-00000021,42102.89,INR,2026-08-19T17:43:02.995Z
ENTRY-TXN-0003MV-00000022,TXN-0003MV-00000022,20900.42,INR,2026-08-19T17:43:02.857Z
ENTRY-TXN-0003MV-00000023,TXN-0003MV-00000023,40069.77,INR,2026-08-19T17:43:03.046Z
ENTRY-TXN-0003MV-00000024,TXN-0003MV-00000024,38638.91,INR,2026-08-19T17:43:03.199Z
ENTRY-TXN-0003MV-00000025,TXN-0003MV-00000025,49805.03,INR,2026-08-19T17:43:03.328Z
ENTRY-TXN-0003MV-00000026,TXN-0003MV-00000026,3548.83,INR,2026-08-19T17:43:03.057Z
ENTRY-TXN-0003MV-00000027,TXN-0003MV-00000027,18633.29,INR,2026-08-19T17:43:03.440Z
ENTRY-TXN-0003MV-00000028,TXN-0003MV-00000028,48438.19,INR,2026-08-19T17:43:03.519Z
ENTRY-TXN-0003MV-00000029,TXN-0003MV-00000029,30337.97,INR,2026-08-19T17:43:03.731Z
ENTRY-TXN-0003MV-00000030,TXN-0003MV-00000030,38285.85,INR,2026-08-19T17:43:03.525Z
ENTRY-TXN-0003MV-00000031,TXN-0003MV-00000031,2162.46,INR,2026-08-19T17:43:03.999Z
ENTRY-TXN-0003MV-00000032,TXN-0003MV-00000032,25632.82,INR,2026-08-19T17:43:03.809Z
ENTRY-TXN-0003MV-00000033,TXN-0003MV-00000033,1677.38,INR,2026-08-19T17:43:04.379Z
ENTRY-TXN-0003MV-00000034,TXN-0003MV-00000034,25155.90,INR,2026-08-19T17:43:04.290Z
ENTRY-TXN-0003MV-00000035,TXN-0003MV-00000035,20366.84,INR,2026-08-19T17:43:04.062Z
ENTRY-TXN-0003MV-00000036,TXN-0003MV-00000036,23369.60,INR,2026-08-19T17:43:04.233Z
ENTRY-TXN-0003MV-00000037,TXN-0003MV-00000037,11118.74,INR,2026-08-19T17:43:04.362Z
ENTRY-TXN-0003MV-00000038,TXN-0003MV-00000038,42946.03,INR,2026-08-19T17:43:04.734Z
ENTRY-TXN-0003MV-00000039,TXN-0003MV-00000039,26639.84,INR,2026-08-19T17:43:04.292Z
ENTRY-TXN-0003MV-00000040,TXN-0003MV-00000040,32031.33,INR,2026-08-19T17:43:04.475Z
ENTRY-TXN-0003MV-00000041,TXN-0003MV-00000041,16637.54,INR,2026-08-19T17:43:04.857Z
ENTRY-TXN-0003MV-00000042,TXN-0003MV-00000042,102.45,INR,2026-08-19T17:43:05.468Z
ENTRY-TXN-0003MV-00000043,TXN-0003MV-00000043,6131.38,INR,2026-08-19T17:43:04.911Z
ENTRY-TXN-0003MV-00000044,TXN-0003MV-00000044,25962.23,INR,2026-08-19T17:43:05.209Z
ENTRY-TXN-0003MV-00000045,TXN-0003MV-00000045,53.43,INR,2026-08-19T17:43:04.711Z
ENTRY-TXN-0003MV-00000046,TXN-0003MV-00000046,3579.89,INR,2026-08-19T17:43:04.773Z
ENTRY-TXN-0003MV-00000047,TXN-0003MV-00000047,12836.49,INR,2026-08-19T17:43:05.630Z
ENTRY-TXN-0003MV-00000048,TXN-0003MV-00000048,32523.00,INR,2026-08-19T17:43:05.461Z
ENTRY-TXN-0003MV-00000049,TXN-0003MV-00000049,21935.34,INR,2026-08-19T17:43:05.588Z
ENTRY-TXN-0003MV-00000050,TXN-0003MV-00000050,46664.50,INR,2026-08-19T17:43:05.693Z
ENTRY-TXN-0003MV-00000052,TXN-0003MV-00000052,45053.03,INR,2026-08-19T17:43:06.105Z
ENTRY-TXN-0003MV-00000053,TXN-0003MV-00000053,17420.92,INR,2026-08-19T17:43:05.892Z
ENTRY-TXN-0003MV-00000054,TXN-0003MV-00000054,13157.29,INR,2026-08-19T17:43:05.887Z
ENTRY-TXN-0003MV-00000055,TXN-0003MV-00000055,39006.80,INR,2026-08-19T17:43:06.209Z
ENTRY-TXN-0003MV-00000056,TXN-0003MV-00000056,19668.78,INR,2026-08-19T17:43:06.320Z
ENTRY-TXN-0003MV-00000057,TXN-0003MV-00000057,36860.09,INR,2026-08-19T17:43:06.265Z
ENTRY-TXN-0003MV-00000059,TXN-0003MV-00000059,25053.46,INR,2026-08-19T17:43:06.777Z
ENTRY-TXN-0003MV-00000060,TXN-0003MV-00000060,27270.33,INR,2026-08-19T17:43:06.536Z
ENTRY-TXN-0003MV-00000061,TXN-0003MV-00000061,19364.30,INR,2026-08-19T17:43:06.503Z
ENTRY-TXN-0003MV-00000062,TXN-0003MV-00000062,43673.63,INR,2026-08-19T17:43:06.777Z
ENTRY-TXN-0003MV-00000064,TXN-0003MV-00000064,28227.07,INR,2026-08-19T17:43:07.039Z
ENTRY-TXN-0003MV-00000065,TXN-0003MV-00000065,48640.52,INR,2026-08-19T17:43:06.944Z
ENTRY-TXN-0003MV-00000066,TXN-0003MV-00000066,35715.27,INR,2026-08-19T17:43:07.163Z
ENTRY-TXN-0003MV-00000067,TXN-0003MV-00000067,30074.84,INR,2026-08-19T17:43:07.424Z
ENTRY-TXN-0003MV-00000068,TXN-0003MV-00000068,10984.27,INR,2026-08-19T17:43:07.325Z
ENTRY-TXN-0003MV-00000069,TXN-0003MV-00000069,23127.32,INR,2026-08-19T17:43:07.653Z
ENTRY-TXN-0003MV-00000070,TXN-0003MV-00000070,35366.66,INR,2026-08-19T17:43:07.838Z
ENTRY-TXN-0003MV-00000071,TXN-0003MV-00000071,1979.07,INR,2026-08-19T17:43:07.590Z
ENTRY-TXN-0003MV-00000072,TXN-0003MV-00000072,46274.60,INR,2026-08-19T17:43:08.141Z
ENTRY-TXN-0003MV-00000073,TXN-0003MV-00000073,39124.93,INR,2026-08-19T17:43:07.969Z
ENTRY-TXN-0003MV-00000074,TXN-0003MV-00000074,36640.00,INR,2026-08-19T17:43:08.021Z
ENTRY-TXN-0003MV-00000075,TXN-0003MV-00000075,6615.57,INR,2026-08-19T17:43:08.255Z
ENTRY-TXN-0003MV-00000076,TXN-0003MV-00000076,43381.27,INR,2026-08-19T17:43:08.031Z
ENTRY-TXN-0003MV-00000077,TXN-0003MV-00000077,14171.89,INR,2026-08-19T17:43:08.132Z
ENTRY-TXN-0003MV-00000078,TXN-0003MV-00000078,24179.89,INR,2026-08-19T17:43:08.534Z
ENTRY-TXN-0003MV-00000079,TXN-0003MV-00000079,5389.90,INR,2026-08-19T17:43:08.366Z
ENTRY-TXN-0003MV-00000080,TXN-0003MV-00000080,44095.15,INR,2026-08-19T17:43:08.803Z
ENTRY-TXN-0003MV-00000081,TXN-0003MV-00000081,40327.26,INR,2026-08-19T17:43:08.986Z
ENTRY-TXN-0003MV-00000082,TXN-0003MV-00000082,14809.97,INR,2026-08-19T17:43:08.996Z
ENTRY-TXN-0003MV-00000083,TXN-0003MV-00000083,44618.51,INR,2026-08-19T17:43:08.810Z
ENTRY-TXN-0003MV-00000084,TXN-0003MV-00000084,18460.72,INR,2026-08-19T17:43:09.090Z
ENTRY-TXN-0003MV-00000085,TXN-0003MV-00000085,31021.01,INR,2026-08-19T17:43:09.193Z
ENTRY-TXN-0003MV-00000086,TXN-0003MV-00000086,36242.93,INR,2026-08-19T17:43:09.048Z
ENTRY-TXN-0003MV-00000087,TXN-0003MV-00000087,1411.93,INR,2026-08-19T17:43:09.419Z
ENTRY-TXN-0003MV-00000088,TXN-0003MV-00000088,48995.32,INR,2026-08-19T17:43:09.651Z
ENTRY-TXN-0003MV-00000089,TXN-0003MV-00000089,48818.59,INR,2026-08-19T17:43:09.641Z
ENTRY-TXN-0003MV-00000090,TXN-0003MV-00000090,37582.52,INR,2026-08-19T17:43:09.477Z
ENTRY-TXN-0003MV-00000091,TXN-0003MV-00000091,40701.19,INR,2026-08-19T17:43:09.897Z
ENTRY-TXN-0003MV-00000092,TXN-0003MV-00000092,28760.92,INR,2026-08-19T17:43:09.913Z
ENTRY-TXN-0003MV-00000093,TXN-0003MV-00000093,25275.40,INR,2026-08-19T17:43:09.999Z
ENTRY-TXN-0003MV-00000094,TXN-0003MV-00000094,31795.63,INR,2026-08-19T17:43:10.252Z
ENTRY-TXN-0003MV-00000095,TXN-0003MV-00000095,14068.93,INR,2026-08-19T17:43:09.946Z
ENTRY-TXN-0003MV-00000096,TXN-0003MV-00000096,49427.34,INR,2026-08-19T17:43:10.230Z
ENTRY-TXN-0003MV-00000097,TXN-0003MV-00000097,34303.93,INR,2026-08-19T17:43:10.649Z
ENTRY-TXN-0003MV-00000098,TXN-0003MV-00000098,48293.56,INR,2026-08-19T17:43:10.330Z
ENTRY-TXN-0003MV-00000099,TXN-0003MV-00000099,27066.31,INR,2026-08-19T17:43:10.826Z
ENTRY-TXN-0003MV-00000100,TXN-0003MV-00000100,7077.66,INR,2026-08-19T17:43:10.489Z
ENTRY-TXN-0003MV-00000101,TXN-0003MV-00000101,48168.32,INR,2026-08-19T17:43:10.513Z
ENTRY-TXN-0003MV-00000102,TXN-0003MV-00000102,32869.83,INR,2026-08-19T17:43:10.677Z
ENTRY-TXN-0003MV-00000103,TXN-0003MV-00000103,9568.96,INR,2026-08-19T17:43:10.904Z
ENTRY-TXN-0003MV-00000104,TXN-0003MV-00000104,39882.29,INR,2026-08-19T17:43:10.940Z
ENTRY-TXN-0003MV-00000105,TXN-0003MV-00000105,13089.04,INR,2026-08-19T17:43:11.082Z
ENTRY-TXN-0003MV-00000106,TXN-0003MV-00000106,34286.30,INR,2026-08-19T17:43:11.225Z
ENTRY-TXN-0003MV-00000107,TXN-0003MV-00000107,9021.50,INR,2026-08-19T17:43:11.388Z
ENTRY-TXN-0003MV-00000108,TXN-0003MV-00000108,37487.60,INR,2026-08-19T17:43:11.539Z
ENTRY-TXN-0003MV-00000109,TXN-0003MV-00000109,14734.86,INR,2026-08-19T17:43:11.459Z
ENTRY-TXN-0003MV-00000110,TXN-0003MV-00000110,46007.23,INR,2026-08-19T17:43:11.817Z
ENTRY-TXN-0003MV-00000112,TXN-0003MV-00000112,40639.23,INR,2026-08-19T17:43:11.844Z
ENTRY-TXN-0003MV-00000113,TXN-0003MV-00000113,24785.33,INR,2026-08-19T17:43:12.004Z
ENTRY-TXN-0003MV-00000114,TXN-0003MV-00000114,37718.94,INR,2026-08-19T17:43:11.984Z
ENTRY-TXN-0003MV-00000115,TXN-0003MV-00000115,13226.29,INR,2026-08-19T17:43:11.978Z
ENTRY-TXN-0003MV-00000116,TXN-0003MV-00000116,15784.61,INR,2026-08-19T17:43:12.191Z
ENTRY-TXN-0003MV-00000118,TXN-0003MV-00000118,34786.12,INR,2026-08-19T17:43:12.257Z
ENTRY-TXN-0003MV-00000119,TXN-0003MV-00000119,42365.57,INR,2026-08-19T17:43:12.738Z
ENTRY-TXN-0003MV-00000120,TXN-0003MV-00000120,6974.17,INR,2026-08-19T17:43:12.448Z
ENTRY-TXN-0003MV-00000121,TXN-0003MV-00000121,4663.91,INR,2026-08-19T17:43:12.928Z
ENTRY-TXN-0003MV-00000123,TXN-0003MV-00000123,35567.29,INR,2026-08-19T17:43:12.829Z
ENTRY-TXN-0003MV-00000124,TXN-0003MV-00000124,6010.55,INR,2026-08-19T17:43:13.169Z
ENTRY-TXN-0003MV-00000125,TXN-0003MV-00000125,24267.37,INR,2026-08-19T17:43:13.215Z
ENTRY-TXN-0003MV-00000126,TXN-0003MV-00000126,47220.00,INR,2026-08-19T17:43:13.111Z
ENTRY-TXN-0003MV-00000127,TXN-0003MV-00000127,13167.64,INR,2026-08-19T17:43:13.406Z
ENTRY-TXN-0003MV-00000128,TXN-0003MV-00000128,10942.90,INR,2026-08-19T17:43:13.434Z
ENTRY-TXN-0003MV-00000129,TXN-0003MV-00000129,12625.53,INR,2026-08-19T17:43:13.826Z
ENTRY-TXN-0003MV-00000130,TXN-0003MV-00000130,47585.86,INR,2026-08-19T17:43:13.708Z
ENTRY-TXN-0003MV-00000131,TXN-0003MV-00000131,25115.68,INR,2026-08-19T17:43:14.215Z
ENTRY-TXN-0003MV-00000132,TXN-0003MV-00000132,23114.56,INR,2026-08-19T17:43:13.843Z
ENTRY-TXN-0003MV-00000133,TXN-0003MV-00000133,21116.87,INR,2026-08-19T17:43:13.877Z
ENTRY-TXN-0003MV-00000134,TXN-0003MV-00000134,1339.56,INR,2026-08-19T17:43:14.242Z
ENTRY-TXN-0003MV-00000135,TXN-0003MV-00000135,41386.55,INR,2026-08-19T17:43:14.174Z
ENTRY-TXN-0003MV-00000136,TXN-0003MV-00000136,24457.83,INR,2026-08-19T17:43:14.146Z
ENTRY-TXN-0003MV-00000137,TXN-0003MV-00000137,19488.21,INR,2026-08-19T17:43:14.308Z
ENTRY-TXN-0003MV-00000138,TXN-0003MV-00000138,31516.06,INR,2026-08-19T17:43:14.592Z
ENTRY-TXN-0003MV-00000139,TXN-0003MV-00000139,21635.24,INR,2026-08-19T17:43:14.418Z
ENTRY-TXN-0003MV-00000140,TXN-0003MV-00000140,47047.87,INR,2026-08-19T17:43:14.934Z
ENTRY-TXN-0003MV-00000141,TXN-0003MV-00000141,20122.90,INR,2026-08-19T17:43:14.714Z
ENTRY-TXN-0003MV-00000142,TXN-0003MV-00000142,35331.19,INR,2026-08-19T17:43:14.425Z
ENTRY-TXN-0003MV-00000143,TXN-0003MV-00000143,38961.00,INR,2026-08-19T17:43:15.117Z
ENTRY-TXN-0003MV-00000144,TXN-0003MV-00000144,41495.14,INR,2026-08-19T17:43:15.008Z
ENTRY-TXN-0003MV-00000145,TXN-0003MV-00000145,48984.51,INR,2026-08-19T17:43:15.083Z
ENTRY-TXN-0003MV-00000146,TXN-0003MV-00000146,22221.04,INR,2026-08-19T17:43:15.335Z
ENTRY-TXN-0003MV-00000147,TXN-0003MV-00000147,22587.47,INR,2026-08-19T17:43:15.421Z
ENTRY-TXN-0003MV-00000148,TXN-0003MV-00000148,39673.18,INR,2026-08-19T17:43:15.354Z
ENTRY-TXN-0003MV-00000149,TXN-0003MV-00000149,11837.70,INR,2026-08-19T17:43:15.548Z
ENTRY-TXN-0003MV-00000150,TXN-0003MV-00000150,7433.30,INR,2026-08-19T17:43:16.033Z
ENTRY-TXN-0003MV-00000151,TXN-0003MV-00000151,21395.95,INR,2026-08-19T17:43:15.633Z
ENTRY-TXN-0003MV-00000152,TXN-0003MV-00000152,22313.97,INR,2026-08-19T17:43:16.070Z
ENTRY-TXN-0003MV-00000153,TXN-0003MV-00000153,9870.93,INR,2026-08-19T17:43:15.993Z
ENTRY-TXN-0003MV-00000154,TXN-0003MV-00000154,31451.41,INR,2026-08-19T17:43:15.870Z
ENTRY-TXN-0003MV-00000155,TXN-0003MV-00000155,2633.63,INR,2026-08-19T17:43:16.115Z
ENTRY-TXN-0003MV-00000156,TXN-0003MV-00000156,26565.85,INR,2026-08-19T17:43:16.139Z
ENTRY-TXN-0003MV-00000157,TXN-0003MV-00000157,37464.57,INR,2026-08-19T17:43:16.024Z
ENTRY-TXN-0003MV-00000158,TXN-0003MV-00000158,21355.25,INR,2026-08-19T17:43:16.849Z
ENTRY-TXN-0003MV-00000159,TXN-0003MV-00000159,1116.73,INR,2026-08-19T17:43:16.407Z
ENTRY-TXN-0003MV-00000160,TXN-0003MV-00000160,30903.88,INR,2026-08-19T17:43:16.416Z
ENTRY-TXN-0003MV-00000161,TXN-0003MV-00000161,16547.23,INR,2026-08-19T17:43:16.722Z
ENTRY-TXN-0003MV-00000162,TXN-0003MV-00000162,31448.45,INR,2026-08-19T17:43:16.791Z
ENTRY-TXN-0003MV-00000163,TXN-0003MV-00000163,23044.15,INR,2026-08-19T17:43:16.946Z
ENTRY-TXN-0003MV-00000164,TXN-0003MV-00000164,8857.19,INR,2026-08-19T17:43:16.938Z
ENTRY-TXN-0003MV-00000165,TXN-0003MV-00000165,47463.79,INR,2026-08-19T17:43:17.174Z
ENTRY-TXN-0003MV-00000166,TXN-0003MV-00000166,38853.18,INR,2026-08-19T17:43:17.373Z
ENTRY-TXN-0003MV-00000167,TXN-0003MV-00000167,41040.66,INR,2026-08-19T17:43:17.606Z
ENTRY-TXN-0003MV-00000168,TXN-0003MV-00000168,25943.46,INR,2026-08-19T17:43:17.493Z
ENTRY-TXN-0003MV-00000169,TXN-0003MV-00000169,7430.32,INR,2026-08-19T17:43:17.483Z
ENTRY-TXN-0003MV-00000170,TXN-0003MV-00000170,40956.78,INR,2026-08-19T17:43:17.600Z
ENTRY-TXN-0003MV-00000171,TXN-0003MV-00000171,34655.23,INR,2026-08-19T17:43:17.745Z
ENTRY-TXN-0003MV-00000172,TXN-0003MV-00000172,34861.76,INR,2026-08-19T17:43:17.572Z
ENTRY-TXN-0003MV-00000173,TXN-0003MV-00000173,7566.05,INR,2026-08-19T17:43:17.964Z
ENTRY-TXN-0003MV-00000174,TXN-0003MV-00000174,48094.98,INR,2026-08-19T17:43:18.073Z
ENTRY-TXN-0003MV-00000175,TXN-0003MV-00000175,17161.26,INR,2026-08-19T17:43:18.111Z
ENTRY-TXN-0003MV-00000176,TXN-0003MV-00000176,34771.87,INR,2026-08-19T17:43:18.163Z
ENTRY-TXN-0003MV-00000177,TXN-0003MV-00000177,6680.46,INR,2026-08-19T17:43:18.229Z
ENTRY-TXN-0003MV-00000178,TXN-0003MV-00000178,28654.40,INR,2026-08-19T17:43:18.490Z
ENTRY-TXN-0003MV-00000179,TXN-0003MV-00000179,3539.22,INR,2026-08-19T17:43:18.426Z
ENTRY-TXN-0003MV-00000180,TXN-0003MV-00000180,3424.77,INR,2026-08-19T17:43:18.704Z
ENTRY-TXN-0003MV-00000182,TXN-0003MV-00000182,35015.12,INR,2026-08-19T17:43:18.760Z
ENTRY-TXN-0003MV-00000183,TXN-0003MV-00000183,3032.62,INR,2026-08-19T17:43:19.185Z
ENTRY-TXN-0003MV-00000184,TXN-0003MV-00000184,10083.86,INR,2026-08-19T17:43:18.640Z
ENTRY-TXN-0003MV-00000185,TXN-0003MV-00000185,4066.73,INR,2026-08-19T17:43:19.112Z
ENTRY-TXN-0003MV-00000186,TXN-0003MV-00000186,15542.37,INR,2026-08-19T17:43:19.496Z
ENTRY-TXN-0003MV-00000187,TXN-0003MV-00000187,47495.92,INR,2026-08-19T17:43:19.274Z
ENTRY-TXN-0003MV-00000188,TXN-0003MV-00000188,26444.93,INR,2026-08-19T17:43:19.449Z
ENTRY-TXN-0003MV-00000189,TXN-0003MV-00000189,41915.05,INR,2026-08-19T17:43:19.591Z
ENTRY-TXN-0003MV-00000191,TXN-0003MV-00000191,22691.57,INR,2026-08-19T17:43:20.243Z
ENTRY-TXN-0003MV-00000192,TXN-0003MV-00000192,45859.49,INR,2026-08-19T17:43:20.104Z
ENTRY-TXN-0003MV-00000193,TXN-0003MV-00000193,8284.56,INR,2026-08-19T17:43:19.770Z
ENTRY-TXN-0003MV-00000194,TXN-0003MV-00000194,37906.99,INR,2026-08-19T17:43:20.078Z
ENTRY-TXN-0003MV-00000195,TXN-0003MV-00000195,47904.52,INR,2026-08-19T17:43:20.088Z
ENTRY-TXN-0003MV-00000196,TXN-0003MV-00000196,36013.48,INR,2026-08-19T17:43:20.138Z
ENTRY-TXN-0003MV-00000197,TXN-0003MV-00000197,18727.03,INR,2026-08-19T17:43:20.337Z
ENTRY-TXN-0003MV-00000198,TXN-0003MV-00000198,4005.26,INR,2026-08-19T17:43:20.365Z
ENTRY-TXN-0003MV-00000199,TXN-0003MV-00000199,29903.28,INR,2026-08-19T17:43:20.522Z
ENTRY-TXN-0003MV-00000200,TXN-0003MV-00000200,25257.74,INR,2026-08-19T17:43:20.769Z
ENTRY-TXN-0003MV-00000201,TXN-0003MV-00000201,10314.85,INR,2026-08-19T17:43:20.768Z
ENTRY-TXN-0003MV-00000202,TXN-0003MV-00000202,35915.97,INR,2026-08-19T17:43:20.723Z
ENTRY-TXN-0003MV-00000203,TXN-0003MV-00000203,45043.47,INR,2026-08-19T17:43:20.819Z
ENTRY-TXN-0003MV-00000204,TXN-0003MV-00000204,35337.04,INR,2026-08-19T17:43:21.085Z
ENTRY-TXN-0003MV-00000205,TXN-0003MV-00000205,2166.99,INR,2026-08-19T17:43:21.327Z
ENTRY-TXN-0003MV-00000206,TXN-0003MV-00000206,13441.58,INR,2026-08-19T17:43:21.443Z
ENTRY-TXN-0003MV-00000207,TXN-0003MV-00000207,15952.50,INR,2026-08-19T17:43:21.430Z
ENTRY-TXN-0003MV-00000208,TXN-0003MV-00000208,468.65,INR,2026-08-19T17:43:21.407Z
ENTRY-TXN-0003MV-00000209,TXN-0003MV-00000209,49766.62,INR,2026-08-19T17:43:21.417Z
ENTRY-TXN-0003MV-00000210,TXN-0003MV-00000210,7330.99,INR,2026-08-19T17:43:21.674Z
ENTRY-TXN-0003MV-00000211,TXN-0003MV-00000211,4186.54,INR,2026-08-19T17:43:22.075Z
ENTRY-TXN-0003MV-00000213,TXN-0003MV-00000213,38207.40,INR,2026-08-19T17:43:22.297Z
ENTRY-TXN-0003MV-00000215,TXN-0003MV-00000215,49813.72,INR,2026-08-19T17:43:22.286Z
ENTRY-TXN-0003MV-00000216,TXN-0003MV-00000216,45888.59,INR,2026-08-19T17:43:22.176Z
ENTRY-TXN-0003MV-00000217,TXN-0003MV-00000217,32725.81,INR,2026-08-19T17:43:22.428Z
ENTRY-TXN-0003MV-00000218,TXN-0003MV-00000218,35405.41,INR,2026-08-19T17:43:22.430Z
ENTRY-TXN-0003MV-00000219,TXN-0003MV-00000219,26778.22,INR,2026-08-19T17:43:22.530Z
ENTRY-TXN-0003MV-00000220,TXN-0003MV-00000220,33369.63,INR,2026-08-19T17:43:22.743Z
ENTRY-TXN-0003MV-00000221,TXN-0003MV-00000221,13073.57,INR,2026-08-19T17:43:22.762Z
ENTRY-TXN-0003MV-00000222,TXN-0003MV-00000222,2696.50,INR,2026-08-19T17:43:22.600Z
ENTRY-TXN-0003MV-00000223,TXN-0003MV-00000223,32075.70,INR,2026-08-19T17:43:23.035Z
ENTRY-TXN-0003MV-00000224,TXN-0003MV-00000224,4309.84,INR,2026-08-19T17:43:23.307Z
ENTRY-TXN-0003MV-00000225,TXN-0003MV-00000225,45769.37,INR,2026-08-19T17:43:23.139Z
ENTRY-TXN-0003MV-00000227,TXN-0003MV-00000227,47220.33,INR,2026-08-19T17:43:22.852Z
ENTRY-TXN-0003MV-00000228,TXN-0003MV-00000228,41815.63,INR,2026-08-19T17:43:23.397Z
ENTRY-TXN-0003MV-00000229,TXN-0003MV-00000229,49135.47,INR,2026-08-19T17:43:23.538Z
ENTRY-TXN-0003MV-00000230,TXN-0003MV-00000230,19428.39,INR,2026-08-19T17:43:23.595Z
ENTRY-TXN-0003MV-00000231,TXN-0003MV-00000231,48834.06,INR,2026-08-19T17:43:23.913Z
ENTRY-TXN-0003MV-00000232,TXN-0003MV-00000232,7435.55,INR,2026-08-19T17:43:24.057Z
ENTRY-TXN-0003MV-00000233,TXN-0003MV-00000233,35182.16,INR,2026-08-19T17:43:23.959Z
ENTRY-TXN-0003MV-00000234,TXN-0003MV-00000234,7211.39,INR,2026-08-19T17:43:24.134Z
ENTRY-TXN-0003MV-00000235,TXN-0003MV-00000235,24734.44,INR,2026-08-19T17:43:23.959Z
ENTRY-TXN-0003MV-00000236,TXN-0003MV-00000236,38415.65,INR,2026-08-19T17:43:24.225Z
ENTRY-TXN-0003MV-00000237,TXN-0003MV-00000237,44101.96,INR,2026-08-19T17:43:24.400Z
ENTRY-TXN-0003MV-00000238,TXN-0003MV-00000238,34148.93,INR,2026-08-19T17:43:24.508Z
ENTRY-TXN-0003MV-00000239,TXN-0003MV-00000239,44989.00,INR,2026-08-19T17:43:24.757Z
ENTRY-TXN-0003MV-00000240,TXN-0003MV-00000240,12593.74,INR,2026-08-19T17:43:24.532Z
ENTRY-TXN-0003MV-00000241,TXN-0003MV-00000241,11098.53,INR,2026-08-19T17:43:24.702Z
ENTRY-TXN-0003MV-00000242,TXN-0003MV-00000242,21788.18,INR,2026-08-19T17:43:24.755Z
ENTRY-TXN-0003MV-00000243,TXN-0003MV-00000243,3950.64,INR,2026-08-19T17:43:24.913Z
ENTRY-TXN-0003MV-00000244,TXN-0003MV-00000244,42048.02,INR,2026-08-19T17:43:25.136Z
ENTRY-TXN-0003MV-00000247,TXN-0003MV-00000247,26231.44,INR,2026-08-19T17:43:25.131Z
ENTRY-TXN-0003MV-00000248,TXN-0003MV-00000248,5073.91,INR,2026-08-19T17:43:25.492Z
ENTRY-TXN-0003MV-00000249,TXN-0003MV-00000249,905.61,INR,2026-08-19T17:43:25.443Z
ENTRY-TXN-0003MV-00000250,TXN-0003MV-00000250,49773.24,INR,2026-08-19T17:43:25.951Z
ENTRY-TXN-0003MV-00000251,TXN-0003MV-00000251,26030.32,INR,2026-08-19T17:43:25.943Z
ENTRY-TXN-0003MV-00000252,TXN-0003MV-00000252,47837.03,INR,2026-08-19T17:43:26.050Z
ENTRY-TXN-0003MV-00000253,TXN-0003MV-00000253,35742.16,INR,2026-08-19T17:43:25.754Z
ENTRY-TXN-0003MV-00000254,TXN-0003MV-00000254,42398.64,INR,2026-08-19T17:43:25.939Z
ENTRY-TXN-0003MV-00000255,TXN-0003MV-00000255,19093.88,INR,2026-08-19T17:43:26.115Z
ENTRY-TXN-0003MV-00000256,TXN-0003MV-00000256,47775.66,INR,2026-08-19T17:43:26.140Z
ENTRY-TXN-0003MV-00000257,TXN-0003MV-00000257,26785.97,INR,2026-08-19T17:43:26.262Z
ENTRY-TXN-0003MV-00000258,TXN-0003MV-00000258,34849.23,INR,2026-08-19T17:43:26.631Z
ENTRY-TXN-0003MV-00000259,TXN-0003MV-00000259,45519.15,INR,2026-08-19T17:43:26.448Z
ENTRY-TXN-0003MV-00000260,TXN-0003MV-00000260,41836.08,INR,2026-08-19T17:43:26.593Z
ENTRY-TXN-0003MV-00000261,TXN-0003MV-00000261,35619.87,INR,2026-08-19T17:43:26.645Z
ENTRY-TXN-0003MV-00000262,TXN-0003MV-00000262,49528.00,INR,2026-08-19T17:43:26.664Z
ENTRY-TXN-0003MV-00000263,TXN-0003MV-00000263,31914.13,INR,2026-08-19T17:43:27.187Z
ENTRY-TXN-0003MV-00000264,TXN-0003MV-00000264,20886.00,INR,2026-08-19T17:43:27.202Z
ENTRY-TXN-0003MV-00000265,TXN-0003MV-00000265,671.53,INR,2026-08-19T17:43:27.507Z
ENTRY-TXN-0003MV-00000266,TXN-0003MV-00000266,7438.47,INR,2026-08-19T17:43:27.235Z
ENTRY-TXN-0003MV-00000267,TXN-0003MV-00000267,44109.43,INR,2026-08-19T17:43:27.491Z
ENTRY-TXN-0003MV-00000268,TXN-0003MV-00000268,32333.80,INR,2026-08-19T17:43:27.365Z
ENTRY-TXN-0003MV-00000269,TXN-0003MV-00000269,21013.10,INR,2026-08-19T17:43:27.323Z
ENTRY-TXN-0003MV-00000270,TXN-0003MV-00000270,49310.34,INR,2026-08-19T17:43:27.929Z
ENTRY-TXN-0003MV-00000271,TXN-0003MV-00000271,40943.02,INR,2026-08-19T17:43:27.693Z
ENTRY-TXN-0003MV-00000272,TXN-0003MV-00000272,23345.92,INR,2026-08-19T17:43:27.805Z
ENTRY-TXN-0003MV-00000273,TXN-0003MV-00000273,39434.16,INR,2026-08-19T17:43:27.916Z
ENTRY-TXN-0003MV-00000274,TXN-0003MV-00000274,33944.32,INR,2026-08-19T17:43:27.962Z
ENTRY-TXN-0003MV-00000275,TXN-0003MV-00000275,47880.59,INR,2026-08-19T17:43:28.077Z
ENTRY-TXN-0003MV-00000276,TXN-0003MV-00000276,48250.63,INR,2026-08-19T17:43:28.379Z
ENTRY-TXN-0003MV-00000277,TXN-0003MV-00000277,19311.88,INR,2026-08-19T17:43:28.357Z
ENTRY-TXN-0003MV-00000278,TXN-0003MV-00000278,15480.58,INR,2026-08-19T17:43:28.471Z
ENTRY-TXN-0003MV-00000279,TXN-0003MV-00000279,25677.45,INR,2026-08-19T17:43:28.777Z
ENTRY-TXN-0003MV-00000280,TXN-0003MV-00000280,10322.88,INR,2026-08-19T17:43:29.036Z
ENTRY-TXN-0003MV-00000281,TXN-0003MV-00000281,28420.61,INR,2026-08-19T17:43:28.831Z
ENTRY-TXN-0003MV-00000282,TXN-0003MV-00000282,6349.54,INR,2026-08-19T17:43:28.904Z
ENTRY-TXN-0003MV-00000283,TXN-0003MV-00000283,15934.18,INR,2026-08-19T17:43:28.736Z
ENTRY-TXN-0003MV-00000284,TXN-0003MV-00000284,23563.60,INR,2026-08-19T17:43:29.126Z
ENTRY-TXN-0003MV-00000285,TXN-0003MV-00000285,24495.22,INR,2026-08-19T17:43:29.094Z
ENTRY-TXN-0003MV-00000286,TXN-0003MV-00000286,46195.48,INR,2026-08-19T17:43:29.100Z
ENTRY-TXN-0003MV-00000287,TXN-0003MV-00000287,22748.55,INR,2026-08-19T17:43:29.148Z
ENTRY-TXN-0003MV-00000288,TXN-0003MV-00000288,96.99,INR,2026-08-19T17:43:29.429Z
ENTRY-TXN-0003MV-00000289,TXN-0003MV-00000289,28716.60,INR,2026-08-19T17:43:29.466Z
ENTRY-TXN-0003MV-00000290,TXN-0003MV-00000290,4699.26,INR,2026-08-19T17:43:29.539Z
ENTRY-TXN-0003MV-00000291,TXN-0003MV-00000291,38787.70,INR,2026-08-19T17:43:29.665Z
ENTRY-TXN-0003MV-00000292,TXN-0003MV-00000292,18660.47,INR,2026-08-19T17:43:29.676Z
ENTRY-TXN-0003MV-00000293,TXN-0003MV-00000293,20298.77,INR,2026-08-19T17:43:29.681Z
ENTRY-TXN-0003MV-00000294,TXN-0003MV-00000294,10180.97,INR,2026-08-19T17:43:30.304Z
ENTRY-TXN-0003MV-00000295,TXN-0003MV-00000295,26059.91,INR,2026-08-19T17:43:30.041Z
ENTRY-TXN-0003MV-00000296,TXN-0003MV-00000296,5872.46,INR,2026-08-19T17:43:30.646Z
ENTRY-TXN-0003MV-00000298,TXN-0003MV-00000298,11676.53,INR,2026-08-19T17:43:30.355Z
ENTRY-TXN-0003MV-00000299,TXN-0003MV-00000299,26475.91,INR,2026-08-19T17:43:30.507Z
ENTRY-TXN-0003MV-00000300,TXN-0003MV-00000300,45815.26,INR,2026-08-19T17:43:30.421Z
ENTRY-TXN-0003MV-00000301,TXN-0003MV-00000301,22160.50,INR,2026-08-19T17:43:30.993Z
ENTRY-TXN-0003MV-00000302,TXN-0003MV-00000302,11779.15,INR,2026-08-19T17:43:30.872Z
ENTRY-TXN-0003MV-00000303,TXN-0003MV-00000303,9440.80,INR,2026-08-19T17:43:30.875Z
ENTRY-TXN-0003MV-00000304,TXN-0003MV-00000304,26752.19,INR,2026-08-19T17:43:30.843Z
ENTRY-TXN-0003MV-00000305,TXN-0003MV-00000305,4219.78,INR,2026-08-19T17:43:31.440Z
ENTRY-TXN-0003MV-00000306,TXN-0003MV-00000306,7485.57,INR,2026-08-19T17:43:31.313Z
ENTRY-TXN-0003MV-00000307,TXN-0003MV-00000307,1704.77,INR,2026-08-19T17:43:31.339Z
ENTRY-TXN-0003MV-00000308,TXN-0003MV-00000308,1745.19,INR,2026-08-19T17:43:31.399Z
ENTRY-TXN-0003MV-00000309,TXN-0003MV-00000309,28932.41,INR,2026-08-19T17:43:31.941Z
ENTRY-TXN-0003MV-00000310,TXN-0003MV-00000310,122.96,INR,2026-08-19T17:43:31.653Z
ENTRY-TXN-0003MV-00000311,TXN-0003MV-00000311,10151.18,INR,2026-08-19T17:43:31.896Z
ENTRY-TXN-0003MV-00000312,TXN-0003MV-00000312,36101.55,INR,2026-08-19T17:43:31.811Z
ENTRY-TXN-0003MV-00000313,TXN-0003MV-00000313,34972.30,INR,2026-08-19T17:43:31.979Z
ENTRY-TXN-0003MV-00000314,TXN-0003MV-00000314,17429.62,INR,2026-08-19T17:43:31.938Z
ENTRY-TXN-0003MV-00000315,TXN-0003MV-00000315,23120.66,INR,2026-08-19T17:43:32.185Z
ENTRY-TXN-0003MV-00000316,TXN-0003MV-00000316,11601.13,INR,2026-08-19T17:43:32.270Z
ENTRY-TXN-0003MV-00000317,TXN-0003MV-00000317,22341.09,INR,2026-08-19T17:43:32.380Z
ENTRY-TXN-0003MV-00000318,TXN-0003MV-00000318,31476.44,INR,2026-08-19T17:43:32.379Z
ENTRY-TXN-0003MV-00000319,TXN-0003MV-00000319,22353.06,INR,2026-08-19T17:43:32.473Z
ENTRY-TXN-0003MV-00000320,TXN-0003MV-00000320,42426.75,INR,2026-08-19T17:43:32.755Z
ENTRY-TXN-0003MV-00000321,TXN-0003MV-00000321,7938.49,INR,2026-08-19T17:43:32.708Z
ENTRY-TXN-0003MV-00000322,TXN-0003MV-00000322,31846.40,INR,2026-08-19T17:43:32.669Z
ENTRY-TXN-0003MV-00000323,TXN-0003MV-00000323,6819.49,INR,2026-08-19T17:43:32.990Z
ENTRY-TXN-0003MV-00000324,TXN-0003MV-00000324,26667.16,INR,2026-08-19T17:43:32.965Z
ENTRY-TXN-0003MV-00000325,TXN-0003MV-00000325,9095.98,INR,2026-08-19T17:43:33.289Z
ENTRY-TXN-0003MV-00000326,TXN-0003MV-00000326,47197.89,INR,2026-08-19T17:43:33.046Z
ENTRY-TXN-0003MV-00000327,TXN-0003MV-00000327,46486.14,INR,2026-08-19T17:43:33.566Z
ENTRY-TXN-0003MV-00000328,TXN-0003MV-00000328,26165.15,INR,2026-08-19T17:43:33.455Z
ENTRY-TXN-0003MV-00000329,TXN-0003MV-00000329,6955.32,INR,2026-08-19T17:43:33.831Z
ENTRY-TXN-0003MV-00000330,TXN-0003MV-00000330,39094.17,INR,2026-08-19T17:43:33.589Z
ENTRY-TXN-0003MV-00000331,TXN-0003MV-00000331,12462.45,INR,2026-08-19T17:43:33.603Z
ENTRY-TXN-0003MV-00000332,TXN-0003MV-00000332,36572.04,INR,2026-08-19T17:43:33.767Z
ENTRY-TXN-0003MV-00000333,TXN-0003MV-00000333,13027.46,INR,2026-08-19T17:43:33.674Z
ENTRY-TXN-0003MV-00000334,TXN-0003MV-00000334,5547.25,INR,2026-08-19T17:43:34.204Z
ENTRY-TXN-0003MV-00000335,TXN-0003MV-00000335,36658.95,INR,2026-08-19T17:43:34.306Z
ENTRY-TXN-0003MV-00000336,TXN-0003MV-00000336,43132.49,INR,2026-08-19T17:43:34.348Z
ENTRY-TXN-0003MV-00000337,TXN-0003MV-00000337,49692.12,INR,2026-08-19T17:43:34.290Z
ENTRY-TXN-0003MV-00000338,TXN-0003MV-00000338,22431.75,INR,2026-08-19T17:43:34.500Z
ENTRY-TXN-0003MV-00000339,TXN-0003MV-00000339,30442.42,INR,2026-08-19T17:43:34.396Z
ENTRY-TXN-0003MV-00000340,TXN-0003MV-00000340,28599.39,INR,2026-08-19T17:43:34.594Z
ENTRY-TXN-0003MV-00000341,TXN-0003MV-00000341,25124.70,INR,2026-08-19T17:43:34.674Z
ENTRY-TXN-0003MV-00000342,TXN-0003MV-00000342,49106.38,INR,2026-08-19T17:43:35.047Z
ENTRY-TXN-0003MV-00000343,TXN-0003MV-00000343,36552.16,INR,2026-08-19T17:43:35.022Z
ENTRY-TXN-0003MV-00000344,TXN-0003MV-00000344,44839.77,INR,2026-08-19T17:43:35.038Z
ENTRY-TXN-0003MV-00000345,TXN-0003MV-00000345,2788.80,INR,2026-08-19T17:43:34.722Z
ENTRY-TXN-0003MV-00000346,TXN-0003MV-00000346,34362.63,INR,2026-08-19T17:43:35.131Z
ENTRY-TXN-0003MV-00000347,TXN-0003MV-00000347,10834.03,INR,2026-08-19T17:43:35.442Z
ENTRY-TXN-0003MV-00000348,TXN-0003MV-00000348,38383.76,INR,2026-08-19T17:43:35.226Z
ENTRY-TXN-0003MV-00000349,TXN-0003MV-00000349,44698.33,INR,2026-08-19T17:43:35.939Z
ENTRY-TXN-0003MV-00000350,TXN-0003MV-00000350,49174.09,INR,2026-08-19T17:43:35.876Z
ENTRY-TXN-0003MV-00000351,TXN-0003MV-00000351,23614.13,INR,2026-08-19T17:43:35.656Z
ENTRY-TXN-0003MV-00000352,TXN-0003MV-00000352,32954.75,INR,2026-08-19T17:43:35.943Z
ENTRY-TXN-0003MV-00000353,TXN-0003MV-00000353,32900.17,INR,2026-08-19T17:43:35.967Z
ENTRY-TXN-0003MV-00000354,TXN-0003MV-00000354,16377.50,INR,2026-08-19T17:43:35.849Z
ENTRY-TXN-0003MV-00000355,TXN-0003MV-00000355,33788.33,INR,2026-08-19T17:43:36.265Z
ENTRY-TXN-0003MV-00000356,TXN-0003MV-00000356,40411.58,INR,2026-08-19T17:43:36.244Z
ENTRY-TXN-0003MV-00000357,TXN-0003MV-00000357,37286.00,INR,2026-08-19T17:43:36.286Z
ENTRY-TXN-0003MV-00000358,TXN-0003MV-00000358,24559.30,INR,2026-08-19T17:43:36.612Z
ENTRY-TXN-0003MV-00000359,TXN-0003MV-00000359,43511.49,INR,2026-08-19T17:43:36.527Z
ENTRY-TXN-0003MV-00000360,TXN-0003MV-00000360,15598.52,INR,2026-08-19T17:43:36.591Z
ENTRY-TXN-0003MV-00000361,TXN-0003MV-00000361,1797.87,INR,2026-08-19T17:43:36.815Z
ENTRY-TXN-0003MV-00000362,TXN-0003MV-00000362,41871.05,INR,2026-08-19T17:43:36.794Z
ENTRY-TXN-0003MV-00000363,TXN-0003MV-00000363,39692.60,INR,2026-08-19T17:43:36.869Z
ENTRY-TXN-0003MV-00000364,TXN-0003MV-00000364,22098.44,INR,2026-08-19T17:43:37.122Z
ENTRY-TXN-0003MV-00000365,TXN-0003MV-00000365,21007.25,INR,2026-08-19T17:43:37.100Z
ENTRY-TXN-0003MV-00000366,TXN-0003MV-00000366,20676.16,INR,2026-08-19T17:43:37.171Z
ENTRY-TXN-0003MV-00000367,TXN-0003MV-00000367,38315.59,INR,2026-08-19T17:43:37.129Z
ENTRY-TXN-0003MV-00000368,TXN-0003MV-00000368,36466.72,INR,2026-08-19T17:43:37.774Z
ENTRY-TXN-0003MV-00000369,TXN-0003MV-00000369,14674.00,INR,2026-08-19T17:43:37.369Z
ENTRY-TXN-0003MV-00000370,TXN-0003MV-00000370,40895.84,INR,2026-08-19T17:43:37.763Z
ENTRY-TXN-0003MV-00000371,TXN-0003MV-00000371,35806.26,INR,2026-08-19T17:43:37.873Z
ENTRY-TXN-0003MV-00000372,TXN-0003MV-00000372,27487.92,INR,2026-08-19T17:43:37.791Z
ENTRY-TXN-0003MV-00000373,TXN-0003MV-00000373,31292.50,INR,2026-08-19T17:43:37.823Z
ENTRY-TXN-0003MV-00000374,TXN-0003MV-00000374,49212.00,INR,2026-08-19T17:43:38.141Z
ENTRY-TXN-0003MV-00000375,TXN-0003MV-00000375,6717.49,INR,2026-08-19T17:43:38.060Z
ENTRY-TXN-0003MV-00000376,TXN-0003MV-00000376,17806.51,INR,2026-08-19T17:43:38.129Z
ENTRY-TXN-0003MV-00000377,TXN-0003MV-00000377,9315.47,INR,2026-08-19T17:43:38.401Z
ENTRY-TXN-0003MV-00000378,TXN-0003MV-00000378,15677.37,INR,2026-08-19T17:43:38.127Z
ENTRY-TXN-0003MV-00000379,TXN-0003MV-00000379,47107.16,INR,2026-08-19T17:43:38.580Z
ENTRY-TXN-0003MV-00000380,TXN-0003MV-00000380,23383.71,INR,2026-08-19T17:43:38.786Z
ENTRY-TXN-0003MV-00000381,TXN-0003MV-00000381,20266.81,INR,2026-08-19T17:43:38.669Z
ENTRY-TXN-0003MV-00000382,TXN-0003MV-00000382,13736.55,INR,2026-08-19T17:43:38.750Z
ENTRY-TXN-0003MV-00000383,TXN-0003MV-00000383,3735.18,INR,2026-08-19T17:43:39.224Z
ENTRY-TXN-0003MV-00000384,TXN-0003MV-00000384,9903.25,INR,2026-08-19T17:43:39.029Z
ENTRY-TXN-0003MV-00000385,TXN-0003MV-00000385,37508.50,INR,2026-08-19T17:43:39.211Z
ENTRY-TXN-0003MV-00000387,TXN-0003MV-00000387,18675.92,INR,2026-08-19T17:43:39.231Z
ENTRY-TXN-0003MV-00000388,TXN-0003MV-00000388,33394.43,INR,2026-08-19T17:43:39.698Z
ENTRY-TXN-0003MV-00000389,TXN-0003MV-00000389,21656.87,INR,2026-08-19T17:43:39.493Z
ENTRY-TXN-0003MV-00000390,TXN-0003MV-00000390,12748.71,INR,2026-08-19T17:43:39.816Z
ENTRY-TXN-0003MV-00000391,TXN-0003MV-00000391,2794.73,INR,2026-08-19T17:43:39.636Z
ENTRY-TXN-0003MV-00000392,TXN-0003MV-00000392,6190.48,INR,2026-08-19T17:43:39.812Z
ENTRY-TXN-0003MV-00000393,TXN-0003MV-00000393,38877.30,INR,2026-08-19T17:43:39.901Z
ENTRY-TXN-0003MV-00000394,TXN-0003MV-00000394,5198.11,INR,2026-08-19T17:43:40.399Z
ENTRY-TXN-0003MV-00000395,TXN-0003MV-00000395,35577.91,INR,2026-08-19T17:43:40.374Z
ENTRY-TXN-0003MV-00000396,TXN-0003MV-00000396,23380.53,INR,2026-08-19T17:43:40.140Z
ENTRY-TXN-0003MV-00000397,TXN-0003MV-00000397,22952.55,INR,2026-08-19T17:43:40.379Z
ENTRY-TXN-0003MV-00000398,TXN-0003MV-00000398,44920.69,INR,2026-08-19T17:43:40.840Z
ENTRY-TXN-0003MV-00000399,TXN-0003MV-00000399,4529.47,INR,2026-08-19T17:43:40.488Z
ENTRY-TXN-0003MV-00000400,TXN-0003MV-00000400,37055.03,INR,2026-08-19T17:43:40.737Z
ENTRY-TXN-0003MV-00000402,TXN-0003MV-00000402,34045.20,INR,2026-08-19T17:43:40.384Z
ENTRY-TXN-0003MV-00000403,TXN-0003MV-00000403,14538.59,INR,2026-08-19T17:43:41.053Z
ENTRY-TXN-0003MV-00000404,TXN-0003MV-00000404,988.58,INR,2026-08-19T17:43:41.106Z
ENTRY-TXN-0003MV-00000405,TXN-0003MV-00000405,22754.51,INR,2026-08-19T17:43:41.414Z
ENTRY-TXN-0003MV-00000406,TXN-0003MV-00000406,28301.14,INR,2026-08-19T17:43:41.073Z
ENTRY-TXN-0003MV-00000407,TXN-0003MV-00000407,16585.92,INR,2026-08-19T17:43:41.463Z
ENTRY-TXN-0003MV-00000408,TXN-0003MV-00000408,32783.97,INR,2026-08-19T17:43:41.267Z
ENTRY-TXN-0003MV-00000409,TXN-0003MV-00000409,22654.37,INR,2026-08-19T17:43:41.661Z
ENTRY-TXN-0003MV-00000410,TXN-0003MV-00000410,48503.02,INR,2026-08-19T17:43:41.738Z
ENTRY-TXN-0003MV-00000411,TXN-0003MV-00000411,8629.83,INR,2026-08-19T17:43:41.761Z
ENTRY-TXN-0003MV-00000412,TXN-0003MV-00000412,13247.25,INR,2026-08-19T17:43:42.176Z
ENTRY-TXN-0003MV-00000413,TXN-0003MV-00000413,2055.44,INR,2026-08-19T17:43:42.001Z
ENTRY-TXN-0003MV-00000414,TXN-0003MV-00000414,2946.78,INR,2026-08-19T17:43:42.071Z
ENTRY-TXN-0003MV-00000415,TXN-0003MV-00000415,34446.32,INR,2026-08-19T17:43:42.401Z
ENTRY-TXN-0003MV-00000416,TXN-0003MV-00000416,19937.81,INR,2026-08-19T17:43:42.685Z
ENTRY-TXN-0003MV-00000417,TXN-0003MV-00000417,22074.15,INR,2026-08-19T17:43:42.280Z
ENTRY-TXN-0003MV-00000418,TXN-0003MV-00000418,20454.29,INR,2026-08-19T17:43:42.826Z
ENTRY-TXN-0003MV-00000420,TXN-0003MV-00000420,23488.20,INR,2026-08-19T17:43:42.424Z
ENTRY-TXN-0003MV-00000421,TXN-0003MV-00000421,5682.54,INR,2026-08-19T17:43:42.788Z
ENTRY-TXN-0003MV-00000422,TXN-0003MV-00000422,47216.69,INR,2026-08-19T17:43:42.751Z
ENTRY-TXN-0003MV-00000423,TXN-0003MV-00000423,29281.31,INR,2026-08-19T17:43:43.072Z
ENTRY-TXN-0003MV-00000424,TXN-0003MV-00000424,15953.68,INR,2026-08-19T17:43:42.895Z
ENTRY-TXN-0003MV-00000425,TXN-0003MV-00000425,3036.61,INR,2026-08-19T17:43:43.002Z
ENTRY-TXN-0003MV-00000426,TXN-0003MV-00000426,37600.75,INR,2026-08-19T17:43:42.855Z
ENTRY-TXN-0003MV-00000427,TXN-0003MV-00000427,49846.33,INR,2026-08-19T17:43:43.615Z
ENTRY-TXN-0003MV-00000428,TXN-0003MV-00000428,40008.06,INR,2026-08-19T17:43:43.469Z
ENTRY-TXN-0003MV-00000429,TXN-0003MV-00000429,36358.29,INR,2026-08-19T17:43:43.628Z
ENTRY-TXN-0003MV-00000430,TXN-0003MV-00000430,20072.88,INR,2026-08-19T17:43:43.735Z
ENTRY-TXN-0003MV-00000431,TXN-0003MV-00000431,87.73,INR,2026-08-19T17:43:43.794Z
ENTRY-TXN-0003MV-00000432,TXN-0003MV-00000432,48613.64,INR,2026-08-19T17:43:43.717Z
ENTRY-TXN-0003MV-00000433,TXN-0003MV-00000433,31128.18,INR,2026-08-19T17:43:44.211Z
ENTRY-TXN-0003MV-00000434,TXN-0003MV-00000434,38700.78,INR,2026-08-19T17:43:44.115Z
ENTRY-TXN-0003MV-00000435,TXN-0003MV-00000435,44332.37,INR,2026-08-19T17:43:44.317Z
ENTRY-TXN-0003MV-00000436,TXN-0003MV-00000436,17514.91,INR,2026-08-19T17:43:44.442Z
ENTRY-TXN-0003MV-00000437,TXN-0003MV-00000437,37659.72,INR,2026-08-19T17:43:44.655Z
ENTRY-TXN-0003MV-00000438,TXN-0003MV-00000438,1186.88,INR,2026-08-19T17:43:44.217Z
ENTRY-TXN-0003MV-00000439,TXN-0003MV-00000439,18549.85,INR,2026-08-19T17:43:44.718Z
ENTRY-TXN-0003MV-00000440,TXN-0003MV-00000440,17627.78,INR,2026-08-19T17:43:44.648Z
ENTRY-TXN-0003MV-00000441,TXN-0003MV-00000441,38317.04,INR,2026-08-19T17:43:44.713Z
ENTRY-TXN-0003MV-00000442,TXN-0003MV-00000442,13480.34,INR,2026-08-19T17:43:44.765Z
ENTRY-TXN-0003MV-00000443,TXN-0003MV-00000443,7896.89,INR,2026-08-19T17:43:45.084Z
ENTRY-TXN-0003MV-00000444,TXN-0003MV-00000444,31741.79,INR,2026-08-19T17:43:45.263Z
ENTRY-TXN-0003MV-00000445,TXN-0003MV-00000445,13447.22,INR,2026-08-19T17:43:45.488Z
ENTRY-TXN-0003MV-00000446,TXN-0003MV-00000446,41974.00,INR,2026-08-19T17:43:45.026Z
ENTRY-TXN-0003MV-00000447,TXN-0003MV-00000447,20049.03,INR,2026-08-19T17:43:45.305Z
ENTRY-TXN-0003MV-00000448,TXN-0003MV-00000448,27758.72,INR,2026-08-19T17:43:45.534Z
ENTRY-TXN-0003MV-00000449,TXN-0003MV-00000449,1613.10,INR,2026-08-19T17:43:45.435Z
ENTRY-TXN-0003MV-00000450,TXN-0003MV-00000450,48261.96,INR,2026-08-19T17:43:45.667Z
ENTRY-TXN-0003MV-00000451,TXN-0003MV-00000451,45981.66,INR,2026-08-19T17:43:45.902Z
ENTRY-TXN-0003MV-00000452,TXN-0003MV-00000452,20083.80,INR,2026-08-19T17:43:46.182Z
ENTRY-TXN-0003MV-00000453,TXN-0003MV-00000453,41064.19,INR,2026-08-19T17:43:45.720Z
ENTRY-TXN-0003MV-00000454,TXN-0003MV-00000454,48529.71,INR,2026-08-19T17:43:46.239Z
ENTRY-TXN-0003MV-00000455,TXN-0003MV-00000455,27272.39,INR,2026-08-19T17:43:46.381Z
ENTRY-TXN-0003MV-00000457,TXN-0003MV-00000457,42223.01,INR,2026-08-19T17:43:45.921Z
ENTRY-TXN-0003MV-00000458,TXN-0003MV-00000458,49506.48,INR,2026-08-19T17:43:46.409Z
ENTRY-TXN-0003MV-00000459,TXN-0003MV-00000459,36345.65,INR,2026-08-19T17:43:46.587Z
ENTRY-TXN-0003MV-00000460,TXN-0003MV-00000460,5597.99,INR,2026-08-19T17:43:46.673Z
ENTRY-TXN-0003MV-00000461,TXN-0003MV-00000461,40152.10,INR,2026-08-19T17:43:46.819Z
ENTRY-TXN-0003MV-00000462,TXN-0003MV-00000462,10979.37,INR,2026-08-19T17:43:46.979Z
ENTRY-TXN-0003MV-00000463,TXN-0003MV-00000463,14423.80,INR,2026-08-19T17:43:46.863Z
ENTRY-TXN-0003MV-00000464,TXN-0003MV-00000464,31369.79,INR,2026-08-19T17:43:47.004Z
ENTRY-TXN-0003MV-00000465,TXN-0003MV-00000465,7811.32,INR,2026-08-19T17:43:47.114Z
ENTRY-TXN-0003MV-00000466,TXN-0003MV-00000466,15212.78,INR,2026-08-19T17:43:47.350Z
ENTRY-TXN-0003MV-00000467,TXN-0003MV-00000467,21989.73,INR,2026-08-19T17:43:47.313Z
ENTRY-TXN-0003MV-00000468,TXN-0003MV-00000468,37638.93,INR,2026-08-19T17:43:47.419Z
ENTRY-TXN-0003MV-00000469,TXN-0003MV-00000469,939.71,INR,2026-08-19T17:43:47.449Z
ENTRY-TXN-0003MV-00000470,TXN-0003MV-00000470,3186.04,INR,2026-08-19T17:43:47.694Z
ENTRY-TXN-0003MV-00000471,TXN-0003MV-00000471,22380.96,INR,2026-08-19T17:43:47.889Z
ENTRY-TXN-0003MV-00000472,TXN-0003MV-00000472,45152.83,INR,2026-08-19T17:43:47.797Z
ENTRY-TXN-0003MV-00000473,TXN-0003MV-00000473,49118.08,INR,2026-08-19T17:43:48.027Z
ENTRY-TXN-0003MV-00000474,TXN-0003MV-00000474,47729.54,INR,2026-08-19T17:43:47.985Z
ENTRY-TXN-0003MV-00000475,TXN-0003MV-00000475,28936.71,INR,2026-08-19T17:43:48.124Z
ENTRY-TXN-0003MV-00000476,TXN-0003MV-00000476,3078.95,INR,2026-08-19T17:43:48.513Z
ENTRY-TXN-0003MV-00000477,TXN-0003MV-00000477,5314.03,INR,2026-08-19T17:43:48.291Z
ENTRY-TXN-0003MV-00000478,TXN-0003MV-00000478,3242.83,INR,2026-08-19T17:43:48.509Z
ENTRY-TXN-0003MV-00000479,TXN-0003MV-00000479,28914.58,INR,2026-08-19T17:43:48.482Z
ENTRY-TXN-0003MV-00000480,TXN-0003MV-00000480,29799.52,INR,2026-08-19T17:43:48.924Z
ENTRY-TXN-0003MV-00000481,TXN-0003MV-00000481,10043.32,INR,2026-08-19T17:43:48.679Z
ENTRY-TXN-0003MV-00000482,TXN-0003MV-00000482,36465.33,INR,2026-08-19T17:43:48.778Z
ENTRY-TXN-0003MV-00000483,TXN-0003MV-00000483,48888.88,INR,2026-08-19T17:43:48.729Z
ENTRY-TXN-0003MV-00000484,TXN-0003MV-00000484,28240.09,INR,2026-08-19T17:43:48.946Z
ENTRY-TXN-0003MV-00000485,TXN-0003MV-00000485,41575.27,INR,2026-08-19T17:43:49.298Z
ENTRY-TXN-0003MV-00000486,TXN-0003MV-00000486,9171.07,INR,2026-08-19T17:43:49.029Z
ENTRY-TXN-0003MV-00000487,TXN-0003MV-00000487,28089.66,INR,2026-08-19T17:43:49.278Z
ENTRY-TXN-0003MV-00000488,TXN-0003MV-00000488,24117.23,INR,2026-08-19T17:43:49.470Z
ENTRY-TXN-0003MV-00000489,TXN-0003MV-00000489,49959.46,INR,2026-08-19T17:43:50.071Z
ENTRY-TXN-0003MV-00000490,TXN-0003MV-00000490,27276.53,INR,2026-08-19T17:43:49.836Z
ENTRY-TXN-0003MV-00000491,TXN-0003MV-00000491,31498.27,INR,2026-08-19T17:43:49.694Z
ENTRY-TXN-0003MV-00000492,TXN-0003MV-00000492,25725.67,INR,2026-08-19T17:43:49.888Z
ENTRY-TXN-0003MV-00000493,TXN-0003MV-00000493,7605.04,INR,2026-08-19T17:43:49.894Z
ENTRY-TXN-0003MV-00000494,TXN-0003MV-00000494,20181.98,INR,2026-08-19T17:43:50.140Z
ENTRY-TXN-0003MV-00000495,TXN-0003MV-00000495,28478.88,INR,2026-08-19T17:43:50.085Z
ENTRY-TXN-0003MV-00000496,TXN-0003MV-00000496,2963.72,INR,2026-08-19T17:43:50.479Z
ENTRY-TXN-0003MV-00000497,TXN-0003MV-00000497,40644.30,INR,2026-08-19T17:43:50.365Z
ENTRY-TXN-0003MV-00000498,TXN-0003MV-00000498,45327.86,INR,2026-08-19T17:43:50.348Z
ENTRY-TXN-0003MV-00000499,TXN-0003MV-00000499,10604.94,INR,2026-08-19T17:43:50.425Z
ENTRY-TXN-0003MV-00000500,TXN-0003MV-00000500,29664.36,INR,2026-08-19T17:43:50.708Z
ENTRY-TXN-0003MV-00000501,TXN-0003MV-00000501,14853.41,INR,2026-08-19T17:43:50.548Z
ENTRY-TXN-0003MV-00000502,TXN-0003MV-00000502,41036.78,INR,2026-08-19T17:43:50.797Z
ENTRY-TXN-0003MV-00000503,TXN-0003MV-00000503,27673.29,INR,2026-08-19T17:43:51.007Z
ENTRY-TXN-0003MV-00000504,TXN-0003MV-00000504,7539.58,INR,2026-08-19T17:43:51.089Z
ENTRY-TXN-0003MV-00000505,TXN-0003MV-00000505,5421.35,INR,2026-08-19T17:43:51.176Z
ENTRY-TXN-0003MV-00000506,TXN-0003MV-00000506,5538.92,INR,2026-08-19T17:43:51.249Z
ENTRY-TXN-0003MV-00000507,TXN-0003MV-00000507,45198.99,INR,2026-08-19T17:43:51.543Z
ENTRY-TXN-0003MV-00000508,TXN-0003MV-00000508,5822.21,INR,2026-08-19T17:43:51.390Z
ENTRY-TXN-0003MV-00000509,TXN-0003MV-00000509,29733.39,INR,2026-08-19T17:43:51.799Z
ENTRY-TXN-0003MV-00000510,TXN-0003MV-00000510,42329.92,INR,2026-08-19T17:43:51.590Z
ENTRY-TXN-0003MV-00000511,TXN-0003MV-00000511,33962.25,INR,2026-08-19T17:43:51.875Z
ENTRY-TXN-0003MV-00000512,TXN-0003MV-00000512,21564.33,INR,2026-08-19T17:43:52.011Z
ENTRY-TXN-0003MV-00000513,TXN-0003MV-00000513,11162.91,INR,2026-08-19T17:43:51.922Z
ENTRY-TXN-0003MV-00000515,TXN-0003MV-00000515,32227.40,INR,2026-08-19T17:43:52.212Z
ENTRY-TXN-0003MV-00000516,TXN-0003MV-00000516,4253.15,INR,2026-08-19T17:43:51.982Z
ENTRY-TXN-0003MV-00000517,TXN-0003MV-00000517,24534.41,INR,2026-08-19T17:43:52.327Z
ENTRY-TXN-0003MV-00000518,TXN-0003MV-00000518,3921.61,INR,2026-08-19T17:43:52.678Z
ENTRY-TXN-0003MV-00000519,TXN-0003MV-00000519,4978.23,INR,2026-08-19T17:43:52.259Z
ENTRY-TXN-0003MV-00000520,TXN-0003MV-00000520,19305.39,INR,2026-08-19T17:43:52.410Z
ENTRY-TXN-0003MV-00000521,TXN-0003MV-00000521,29979.04,INR,2026-08-19T17:43:52.852Z
ENTRY-TXN-0003MV-00000522,TXN-0003MV-00000522,24939.92,INR,2026-08-19T17:43:52.829Z
ENTRY-TXN-0003MV-00000523,TXN-0003MV-00000523,30407.24,INR,2026-08-19T17:43:53.037Z
ENTRY-TXN-0003MV-00000524,TXN-0003MV-00000524,42145.02,INR,2026-08-19T17:43:53.198Z
ENTRY-TXN-0003MV-00000525,TXN-0003MV-00000525,37186.46,INR,2026-08-19T17:43:53.328Z
ENTRY-TXN-0003MV-00000526,TXN-0003MV-00000526,31463.23,INR,2026-08-19T17:43:53.200Z
ENTRY-TXN-0003MV-00000527,TXN-0003MV-00000527,47780.40,INR,2026-08-19T17:43:53.363Z
ENTRY-TXN-0003MV-00000528,TXN-0003MV-00000528,44173.02,INR,2026-08-19T17:43:53.476Z
ENTRY-TXN-0003MV-00000529,TXN-0003MV-00000529,8638.52,INR,2026-08-19T17:43:53.936Z
ENTRY-TXN-0003MV-00000530,TXN-0003MV-00000530,5043.80,INR,2026-08-19T17:43:53.846Z
ENTRY-TXN-0003MV-00000531,TXN-0003MV-00000531,24191.03,INR,2026-08-19T17:43:53.795Z
ENTRY-TXN-0003MV-00000532,TXN-0003MV-00000532,9200.29,INR,2026-08-19T17:43:54.155Z
ENTRY-TXN-0003MV-00000533,TXN-0003MV-00000533,34922.98,INR,2026-08-19T17:43:54.260Z
ENTRY-TXN-0003MV-00000534,TXN-0003MV-00000534,24751.14,INR,2026-08-19T17:43:53.967Z
ENTRY-TXN-0003MV-00000535,TXN-0003MV-00000535,36016.29,INR,2026-08-19T17:43:54.111Z
ENTRY-TXN-0003MV-00000536,TXN-0003MV-00000536,42915.84,INR,2026-08-19T17:43:54.269Z
ENTRY-TXN-0003MV-00000537,TXN-0003MV-00000537,34129.87,INR,2026-08-19T17:43:54.568Z
ENTRY-TXN-0003MV-00000538,TXN-0003MV-00000538,18798.68,INR,2026-08-19T17:43:54.468Z
ENTRY-TXN-0003MV-00000539,TXN-0003MV-00000539,32930.48,INR,2026-08-19T17:43:54.615Z
ENTRY-TXN-0003MV-00000540,TXN-0003MV-00000540,29861.85,INR,2026-08-19T17:43:54.993Z
ENTRY-TXN-0003MV-00000541,TXN-0003MV-00000541,23281.28,INR,2026-08-19T17:43:54.817Z
ENTRY-TXN-0003MV-00000542,TXN-0003MV-00000542,10348.04,INR,2026-08-19T17:43:55.075Z
ENTRY-TXN-0003MV-00000543,TXN-0003MV-00000543,17059.27,INR,2026-08-19T17:43:54.989Z
ENTRY-TXN-0003MV-00000545,TXN-0003MV-00000545,47446.13,INR,2026-08-19T17:43:55.277Z
ENTRY-TXN-0003MV-00000546,TXN-0003MV-00000546,13983.69,INR,2026-08-19T17:43:55.227Z
ENTRY-TXN-0003MV-00000547,TXN-0003MV-00000547,39477.92,INR,2026-08-19T17:43:55.679Z
ENTRY-TXN-0003MV-00000548,TXN-0003MV-00000548,19225.35,INR,2026-08-19T17:43:55.658Z
ENTRY-TXN-0003MV-00000549,TXN-0003MV-00000549,19112.04,INR,2026-08-19T17:43:55.692Z
ENTRY-TXN-0003MV-00000550,TXN-0003MV-00000550,28642.85,INR,2026-08-19T17:43:55.580Z
ENTRY-TXN-0003MV-00000551,TXN-0003MV-00000551,33758.79,INR,2026-08-19T17:43:55.823Z
ENTRY-TXN-0003MV-00000552,TXN-0003MV-00000552,45919.28,INR,2026-08-19T17:43:56.090Z
ENTRY-TXN-0003MV-00000554,TXN-0003MV-00000554,44254.15,INR,2026-08-19T17:43:56.161Z
ENTRY-TXN-0003MV-00000555,TXN-0003MV-00000555,23235.31,INR,2026-08-19T17:43:55.871Z
ENTRY-TXN-0003MV-00000556,TXN-0003MV-00000556,14958.89,INR,2026-08-19T17:43:56.360Z
ENTRY-TXN-0003MV-00000557,TXN-0003MV-00000557,17478.61,INR,2026-08-19T17:43:56.374Z
ENTRY-TXN-0003MV-00000558,TXN-0003MV-00000558,9185.25,INR,2026-08-19T17:43:56.312Z
ENTRY-TXN-0003MV-00000559,TXN-0003MV-00000559,5392.00,INR,2026-08-19T17:43:56.332Z
ENTRY-TXN-0003MV-00000560,TXN-0003MV-00000560,46013.93,INR,2026-08-19T17:43:56.971Z
ENTRY-TXN-0003MV-00000561,TXN-0003MV-00000561,17558.84,INR,2026-08-19T17:43:56.759Z
ENTRY-TXN-0003MV-00000562,TXN-0003MV-00000562,15140.82,INR,2026-08-19T17:43:57.161Z
ENTRY-TXN-0003MV-00000563,TXN-0003MV-00000563,3772.45,INR,2026-08-19T17:43:57.376Z
ENTRY-TXN-0003MV-00000564,TXN-0003MV-00000564,1056.03,INR,2026-08-19T17:43:57.268Z
ENTRY-TXN-0003MV-00000565,TXN-0003MV-00000565,27970.85,INR,2026-08-19T17:43:57.001Z
ENTRY-TXN-0003MV-00000566,TXN-0003MV-00000566,49803.22,INR,2026-08-19T17:43:57.457Z
ENTRY-TXN-0003MV-00000567,TXN-0003MV-00000567,2617.42,INR,2026-08-19T17:43:57.359Z
ENTRY-TXN-0003MV-00000568,TXN-0003MV-00000568,13688.87,INR,2026-08-19T17:43:57.407Z
ENTRY-TXN-0003MV-00000569,TXN-0003MV-00000569,10196.93,INR,2026-08-19T17:43:57.496Z
ENTRY-TXN-0003MV-00000570,TXN-0003MV-00000570,39942.16,INR,2026-08-19T17:43:57.630Z
ENTRY-TXN-0003MV-00000571,TXN-0003MV-00000571,30827.39,INR,2026-08-19T17:43:57.741Z
ENTRY-TXN-0003MV-00000572,TXN-0003MV-00000572,32839.45,INR,2026-08-19T17:43:57.819Z
ENTRY-TXN-0003MV-00000573,TXN-0003MV-00000573,40443.83,INR,2026-08-19T17:43:58.009Z
ENTRY-TXN-0003MV-00000574,TXN-0003MV-00000574,19955.70,INR,2026-08-19T17:43:58.015Z
ENTRY-TXN-0003MV-00000575,TXN-0003MV-00000575,23349.41,INR,2026-08-19T17:43:58.066Z
ENTRY-TXN-0003MV-00000577,TXN-0003MV-00000577,29356.04,INR,2026-08-19T17:43:58.725Z
ENTRY-TXN-0003MV-00000578,TXN-0003MV-00000578,44991.26,INR,2026-08-19T17:43:58.579Z
ENTRY-TXN-0003MV-00000579,TXN-0003MV-00000579,6371.79,INR,2026-08-19T17:43:58.456Z
ENTRY-TXN-0003MV-00000581,TXN-0003MV-00000581,879.65,INR,2026-08-19T17:43:58.821Z
ENTRY-TXN-0003MV-00000582,TXN-0003MV-00000582,38586.36,INR,2026-08-19T17:43:58.726Z
ENTRY-TXN-0003MV-00000583,TXN-0003MV-00000583,40711.05,INR,2026-08-19T17:43:59.113Z
ENTRY-TXN-0003MV-00000584,TXN-0003MV-00000584,1798.62,INR,2026-08-19T17:43:58.730Z
ENTRY-TXN-0003MV-00000585,TXN-0003MV-00000585,1887.85,INR,2026-08-19T17:43:59.217Z
ENTRY-TXN-0003MV-00000586,TXN-0003MV-00000586,1963.31,INR,2026-08-19T17:43:59.420Z
ENTRY-TXN-0003MV-00000587,TXN-0003MV-00000587,18035.81,INR,2026-08-19T17:43:59.364Z
ENTRY-TXN-0003MV-00000588,TXN-0003MV-00000588,44943.32,INR,2026-08-19T17:43:59.609Z
ENTRY-TXN-0003MV-00000589,TXN-0003MV-00000589,7340.06,INR,2026-08-19T17:43:59.398Z
ENTRY-TXN-0003MV-00000590,TXN-0003MV-00000590,16177.10,INR,2026-08-19T17:43:59.466Z
ENTRY-TXN-0003MV-00000591,TXN-0003MV-00000591,48367.71,INR,2026-08-19T17:43:59.821Z
ENTRY-TXN-0003MV-00000592,TXN-0003MV-00000592,31601.62,INR,2026-08-19T17:43:59.668Z
ENTRY-TXN-0003MV-00000593,TXN-0003MV-00000593,26424.73,INR,2026-08-19T17:44:00.240Z
ENTRY-TXN-0003MV-00000594,TXN-0003MV-00000594,42466.21,INR,2026-08-19T17:44:00.223Z
ENTRY-TXN-0003MV-00000595,TXN-0003MV-00000595,26629.55,INR,2026-08-19T17:44:00.195Z
ENTRY-TXN-0003MV-00000596,TXN-0003MV-00000596,21442.27,INR,2026-08-19T17:44:00.198Z
ENTRY-TXN-0003MV-00000597,TXN-0003MV-00000597,6008.56,INR,2026-08-19T17:44:00.132Z
ENTRY-TXN-0003MV-00000598,TXN-0003MV-00000598,49540.72,INR,2026-08-19T17:44:00.706Z
ENTRY-TXN-0003MV-00000599,TXN-0003MV-00000599,41063.98,INR,2026-08-19T17:44:00.387Z
ENTRY-TXN-0003MV-00000600,TXN-0003MV-00000600,8460.83,INR,2026-08-19T17:44:00.370Z
ENTRY-TXN-0003MV-00000601,TXN-0003MV-00000601,21782.58,INR,2026-08-19T17:44:00.802Z
ENTRY-TXN-0003MV-00000602,TXN-0003MV-00000602,15822.02,INR,2026-08-19T17:44:01.175Z
ENTRY-TXN-0003MV-00000603,TXN-0003MV-00000603,23253.14,INR,2026-08-19T17:44:00.729Z
ENTRY-TXN-0003MV-00000604,TXN-0003MV-00000604,38522.34,INR,2026-08-19T17:44:01.141Z
ENTRY-TXN-0003MV-00000605,TXN-0003MV-00000605,26430.48,INR,2026-08-19T17:44:01.145Z
ENTRY-TXN-0003MV-00000606,TXN-0003MV-00000606,32998.42,INR,2026-08-19T17:44:01.327Z
ENTRY-TXN-0003MV-00000607,TXN-0003MV-00000607,11010.68,INR,2026-08-19T17:44:01.386Z
ENTRY-TXN-0003MV-00000608,TXN-0003MV-00000608,30945.51,INR,2026-08-19T17:44:01.565Z
ENTRY-TXN-0003MV-00000609,TXN-0003MV-00000609,26077.22,INR,2026-08-19T17:44:01.635Z
ENTRY-TXN-0003MV-00000611,TXN-0003MV-00000611,25000.53,INR,2026-08-19T17:44:01.842Z
ENTRY-TXN-0003MV-00000612,TXN-0003MV-00000612,2848.25,INR,2026-08-19T17:44:01.981Z
ENTRY-TXN-0003MV-00000613,TXN-0003MV-00000613,46226.43,INR,2026-08-19T17:44:02.074Z
ENTRY-TXN-0003MV-00000614,TXN-0003MV-00000614,11176.73,INR,2026-08-19T17:44:01.838Z
ENTRY-TXN-0003MV-00000615,TXN-0003MV-00000615,42599.73,INR,2026-08-19T17:44:02.199Z
ENTRY-TXN-0003MV-00000616,TXN-0003MV-00000616,46002.30,INR,2026-08-19T17:44:02.379Z
ENTRY-TXN-0003MV-00000617,TXN-0003MV-00000617,32710.71,INR,2026-08-19T17:44:02.440Z
ENTRY-TXN-0003MV-00000618,TXN-0003MV-00000618,38612.18,INR,2026-08-19T17:44:02.419Z
ENTRY-TXN-0003MV-00000619,TXN-0003MV-00000619,8251.12,INR,2026-08-19T17:44:02.671Z
ENTRY-TXN-0003MV-00000620,TXN-0003MV-00000620,769.38,INR,2026-08-19T17:44:02.536Z
ENTRY-TXN-0003MV-00000621,TXN-0003MV-00000621,43476.66,INR,2026-08-19T17:44:02.686Z
ENTRY-TXN-0003MV-00000622,TXN-0003MV-00000622,49199.29,INR,2026-08-19T17:44:02.514Z
ENTRY-TXN-0003MV-00000623,TXN-0003MV-00000623,23469.94,INR,2026-08-19T17:44:03.118Z
ENTRY-TXN-0003MV-00000625,TXN-0003MV-00000625,4707.48,INR,2026-08-19T17:44:02.661Z
ENTRY-TXN-0003MV-00000626,TXN-0003MV-00000626,19321.78,INR,2026-08-19T17:44:03.499Z
ENTRY-TXN-0003MV-00000627,TXN-0003MV-00000627,26119.97,INR,2026-08-19T17:44:03.577Z
ENTRY-TXN-0003MV-00000628,TXN-0003MV-00000628,18188.30,INR,2026-08-19T17:44:03.173Z
ENTRY-TXN-0003MV-00000629,TXN-0003MV-00000629,16642.64,INR,2026-08-19T17:44:03.308Z
ENTRY-TXN-0003MV-00000630,TXN-0003MV-00000630,38905.31,INR,2026-08-19T17:44:03.486Z
ENTRY-TXN-0003MV-00000632,TXN-0003MV-00000632,47095.03,INR,2026-08-19T17:44:03.557Z
ENTRY-TXN-0003MV-00000633,TXN-0003MV-00000633,42337.08,INR,2026-08-19T17:44:03.891Z
ENTRY-TXN-0003MV-00000634,TXN-0003MV-00000634,3271.84,INR,2026-08-19T17:44:03.807Z
ENTRY-TXN-0003MV-00000635,TXN-0003MV-00000635,38074.05,INR,2026-08-19T17:44:03.804Z
ENTRY-TXN-0003MV-00000636,TXN-0003MV-00000636,38010.64,INR,2026-08-19T17:44:04.188Z
ENTRY-TXN-0003MV-00000637,TXN-0003MV-00000637,256.70,INR,2026-08-19T17:44:04.441Z
ENTRY-TXN-0003MV-00000638,TXN-0003MV-00000638,32703.03,INR,2026-08-19T17:44:04.493Z
ENTRY-TXN-0003MV-00000639,TXN-0003MV-00000639,49844.86,INR,2026-08-19T17:44:04.436Z
ENTRY-TXN-0003MV-00000640,TXN-0003MV-00000640,18009.99,INR,2026-08-19T17:44:04.285Z
ENTRY-TXN-0003MV-00000641,TXN-0003MV-00000641,7831.66,INR,2026-08-19T17:44:04.804Z
ENTRY-TXN-0003MV-00000642,TXN-0003MV-00000642,29085.97,INR,2026-08-19T17:44:05.000Z
ENTRY-TXN-0003MV-00000643,TXN-0003MV-00000643,6843.33,INR,2026-08-19T17:44:04.650Z
ENTRY-TXN-0003MV-00000644,TXN-0003MV-00000644,40914.13,INR,2026-08-19T17:44:04.923Z
ENTRY-TXN-0003MV-00000645,TXN-0003MV-00000645,45768.80,INR,2026-08-19T17:44:05.242Z
ENTRY-TXN-0003MV-00000646,TXN-0003MV-00000646,45155.08,INR,2026-08-19T17:44:05.499Z
ENTRY-TXN-0003MV-00000647,TXN-0003MV-00000647,30797.95,INR,2026-08-19T17:44:05.205Z
ENTRY-TXN-0003MV-00000648,TXN-0003MV-00000648,279.54,INR,2026-08-19T17:44:05.549Z
ENTRY-TXN-0003MV-00000649,TXN-0003MV-00000649,19398.20,INR,2026-08-19T17:44:05.782Z
ENTRY-TXN-0003MV-00000650,TXN-0003MV-00000650,4453.16,INR,2026-08-19T17:44:05.891Z
ENTRY-TXN-0003MV-00000651,TXN-0003MV-00000651,48099.11,INR,2026-08-19T17:44:05.572Z
ENTRY-TXN-0003MV-00000652,TXN-0003MV-00000652,10181.09,INR,2026-08-19T17:44:05.902Z
ENTRY-TXN-0003MV-00000653,TXN-0003MV-00000653,45431.38,INR,2026-08-19T17:44:05.695Z
ENTRY-TXN-0003MV-00000654,TXN-0003MV-00000654,38594.46,INR,2026-08-19T17:44:06.232Z
ENTRY-TXN-0003MV-00000655,TXN-0003MV-00000655,32957.83,INR,2026-08-19T17:44:06.184Z
ENTRY-TXN-0003MV-00000657,TXN-0003MV-00000657,3349.82,INR,2026-08-19T17:44:06.189Z
ENTRY-TXN-0003MV-00000658,TXN-0003MV-00000658,21759.84,INR,2026-08-19T17:44:06.454Z
ENTRY-TXN-0003MV-00000659,TXN-0003MV-00000659,41209.54,INR,2026-08-19T17:44:06.238Z
ENTRY-TXN-0003MV-00000660,TXN-0003MV-00000660,48801.62,INR,2026-08-19T17:44:06.710Z
ENTRY-TXN-0003MV-00000661,TXN-0003MV-00000661,5298.23,INR,2026-08-19T17:44:06.588Z
ENTRY-TXN-0003MV-00000662,TXN-0003MV-00000662,13976.31,INR,2026-08-19T17:44:06.942Z
ENTRY-TXN-0003MV-00000663,TXN-0003MV-00000663,28670.65,INR,2026-08-19T17:44:07.144Z
ENTRY-TXN-0003MV-00000664,TXN-0003MV-00000664,39242.37,INR,2026-08-19T17:44:06.690Z
ENTRY-TXN-0003MV-00000665,TXN-0003MV-00000665,38659.80,INR,2026-08-19T17:44:07.197Z
ENTRY-TXN-0003MV-00000666,TXN-0003MV-00000666,46739.67,INR,2026-08-19T17:44:06.888Z
ENTRY-TXN-0003MV-00000667,TXN-0003MV-00000667,29245.51,INR,2026-08-19T17:44:07.146Z
ENTRY-TXN-0003MV-00000669,TXN-0003MV-00000669,13495.38,INR,2026-08-19T17:44:07.571Z
ENTRY-TXN-0003MV-00000670,TXN-0003MV-00000670,40438.84,INR,2026-08-19T17:44:07.317Z
ENTRY-TXN-0003MV-00000671,TXN-0003MV-00000671,19250.69,INR,2026-08-19T17:44:07.755Z
ENTRY-TXN-0003MV-00000672,TXN-0003MV-00000672,27486.51,INR,2026-08-19T17:44:07.757Z
ENTRY-TXN-0003MV-00000673,TXN-0003MV-00000673,47679.98,INR,2026-08-19T17:44:07.823Z
ENTRY-TXN-0003MV-00000674,TXN-0003MV-00000674,34972.86,INR,2026-08-19T17:44:07.885Z
ENTRY-TXN-0003MV-00000675,TXN-0003MV-00000675,22635.43,INR,2026-08-19T17:44:08.205Z
ENTRY-TXN-0003MV-00000676,TXN-0003MV-00000676,27227.84,INR,2026-08-19T17:44:08.152Z
ENTRY-TXN-0003MV-00000677,TXN-0003MV-00000677,1987.06,INR,2026-08-19T17:44:08.105Z
ENTRY-TXN-0003MV-00000679,TXN-0003MV-00000679,24714.04,INR,2026-08-19T17:44:08.268Z
ENTRY-TXN-0003MV-00000680,TXN-0003MV-00000680,46525.96,INR,2026-08-19T17:44:08.584Z
ENTRY-TXN-0003MV-00000681,TXN-0003MV-00000681,41232.90,INR,2026-08-19T17:44:08.376Z
ENTRY-TXN-0003MV-00000682,TXN-0003MV-00000682,1381.15,INR,2026-08-19T17:44:08.642Z
ENTRY-TXN-0003MV-00000683,TXN-0003MV-00000683,6632.51,INR,2026-08-19T17:44:09.355Z
ENTRY-TXN-0003MV-00000684,TXN-0003MV-00000684,9042.54,INR,2026-08-19T17:44:09.116Z
ENTRY-TXN-0003MV-00000685,TXN-0003MV-00000685,43348.53,INR,2026-08-19T17:44:09.150Z
ENTRY-TXN-0003MV-00000686,TXN-0003MV-00000686,28549.93,INR,2026-08-19T17:44:09.346Z
ENTRY-TXN-0003MV-00000687,TXN-0003MV-00000687,47537.39,INR,2026-08-19T17:44:09.188Z
ENTRY-TXN-0003MV-00000688,TXN-0003MV-00000688,4305.93,INR,2026-08-19T17:44:09.478Z
ENTRY-TXN-0003MV-00000689,TXN-0003MV-00000689,18877.41,INR,2026-08-19T17:44:09.583Z
ENTRY-TXN-0003MV-00000690,TXN-0003MV-00000690,46442.39,INR,2026-08-19T17:44:09.796Z
ENTRY-TXN-0003MV-00000692,TXN-0003MV-00000692,9810.59,INR,2026-08-19T17:44:09.926Z
ENTRY-TXN-0003MV-00000693,TXN-0003MV-00000693,40549.40,INR,2026-08-19T17:44:10.171Z
ENTRY-TXN-0003MV-00000694,TXN-0003MV-00000694,24251.20,INR,2026-08-19T17:44:09.960Z
ENTRY-TXN-0003MV-00000695,TXN-0003MV-00000695,11981.27,INR,2026-08-19T17:44:10.318Z
ENTRY-TXN-0003MV-00000696,TXN-0003MV-00000696,34211.62,INR,2026-08-19T17:44:10.549Z
ENTRY-TXN-0003MV-00000697,TXN-0003MV-00000697,13887.30,INR,2026-08-19T17:44:10.342Z
ENTRY-TXN-0003MV-00000698,TXN-0003MV-00000698,28162.98,INR,2026-08-19T17:44:10.256Z
ENTRY-TXN-0003MV-00000699,TXN-0003MV-00000699,49455.21,INR,2026-08-19T17:44:10.471Z
ENTRY-TXN-0003MV-00000701,TXN-0003MV-00000701,3055.55,INR,2026-08-19T17:44:10.671Z
ENTRY-TXN-0003MV-00000702,TXN-0003MV-00000702,48908.28,INR,2026-08-19T17:44:10.758Z
ENTRY-TXN-0003MV-00000703,TXN-0003MV-00000703,2874.20,INR,2026-08-19T17:44:11.038Z
ENTRY-TXN-0003MV-00000704,TXN-0003MV-00000704,7207.52,INR,2026-08-19T17:44:10.980Z
ENTRY-TXN-0003MV-00000705,TXN-0003MV-00000705,21267.92,INR,2026-08-19T17:44:11.052Z
ENTRY-TXN-0003MV-00000706,TXN-0003MV-00000706,12781.26,INR,2026-08-19T17:44:11.426Z
ENTRY-TXN-0003MV-00000708,TXN-0003MV-00000708,20312.26,INR,2026-08-19T17:44:11.396Z
ENTRY-TXN-0003MV-00000710,TXN-0003MV-00000710,48435.18,INR,2026-08-19T17:44:11.650Z
ENTRY-TXN-0003MV-00000711,TXN-0003MV-00000711,2431.55,INR,2026-08-19T17:44:11.765Z
ENTRY-TXN-0003MV-00000712,TXN-0003MV-00000712,2257.38,INR,2026-08-19T17:44:11.286Z
ENTRY-TXN-0003MV-00000713,TXN-0003MV-00000713,31431.49,INR,2026-08-19T17:44:12.052Z
ENTRY-TXN-0003MV-00000714,TXN-0003MV-00000714,2471.23,INR,2026-08-19T17:44:12.196Z
ENTRY-TXN-0003MV-00000715,TXN-0003MV-00000715,22444.60,INR,2026-08-19T17:44:12.156Z
ENTRY-TXN-0003MV-00000716,TXN-0003MV-00000716,45497.85,INR,2026-08-19T17:44:12.013Z
ENTRY-TXN-0003MV-00000717,TXN-0003MV-00000717,49229.78,INR,2026-08-19T17:44:12.489Z
ENTRY-TXN-0003MV-00000718,TXN-0003MV-00000718,37730.77,INR,2026-08-19T17:44:12.362Z
ENTRY-TXN-0003MV-00000719,TXN-0003MV-00000719,14201.72,INR,2026-08-19T17:44:12.700Z
ENTRY-TXN-0003MV-00000720,TXN-0003MV-00000720,26816.88,INR,2026-08-19T17:44:12.350Z
ENTRY-TXN-0003MV-00000721,TXN-0003MV-00000721,5047.63,INR,2026-08-19T17:44:12.785Z
ENTRY-TXN-0003MV-00000722,TXN-0003MV-00000722,9063.03,INR,2026-08-19T17:44:12.559Z
ENTRY-TXN-0003MV-00000723,TXN-0003MV-00000723,44411.79,INR,2026-08-19T17:44:12.786Z
ENTRY-TXN-0003MV-00000724,TXN-0003MV-00000724,18847.42,INR,2026-08-19T17:44:12.746Z
ENTRY-TXN-0003MV-00000725,TXN-0003MV-00000725,39065.07,INR,2026-08-19T17:44:12.923Z
ENTRY-TXN-0003MV-00000726,TXN-0003MV-00000726,41595.92,INR,2026-08-19T17:44:13.111Z
ENTRY-TXN-0003MV-00000727,TXN-0003MV-00000727,14711.70,INR,2026-08-19T17:44:13.346Z
ENTRY-TXN-0003MV-00000728,TXN-0003MV-00000728,12799.45,INR,2026-08-19T17:44:13.836Z
ENTRY-TXN-0003MV-00000729,TXN-0003MV-00000729,33234.55,INR,2026-08-19T17:44:13.629Z
ENTRY-TXN-0003MV-00000730,TXN-0003MV-00000730,23538.47,INR,2026-08-19T17:44:13.121Z
ENTRY-TXN-0003MV-00000731,TXN-0003MV-00000731,35257.69,INR,2026-08-19T17:44:13.657Z
ENTRY-TXN-0003MV-00000732,TXN-0003MV-00000732,32255.03,INR,2026-08-19T17:44:13.484Z
ENTRY-TXN-0003MV-00000733,TXN-0003MV-00000733,34993.22,INR,2026-08-19T17:44:14.058Z
ENTRY-TXN-0003MV-00000734,TXN-0003MV-00000734,26206.56,INR,2026-08-19T17:44:14.287Z
ENTRY-TXN-0003MV-00000735,TXN-0003MV-00000735,15803.24,INR,2026-08-19T17:44:13.956Z
ENTRY-TXN-0003MV-00000736,TXN-0003MV-00000736,7149.92,INR,2026-08-19T17:44:14.123Z
ENTRY-TXN-0003MV-00000737,TXN-0003MV-00000737,2696.59,INR,2026-08-19T17:44:14.203Z
ENTRY-TXN-0003MV-00000738,TXN-0003MV-00000738,43467.10,INR,2026-08-19T17:44:14.773Z
ENTRY-TXN-0003MV-00000739,TXN-0003MV-00000739,27183.73,INR,2026-08-19T17:44:14.503Z
ENTRY-TXN-0003MV-00000740,TXN-0003MV-00000740,3020.51,INR,2026-08-19T17:44:14.634Z
ENTRY-TXN-0003MV-00000741,TXN-0003MV-00000741,830.10,INR,2026-08-19T17:44:14.974Z
ENTRY-TXN-0003MV-00000743,TXN-0003MV-00000743,34841.11,INR,2026-08-19T17:44:14.882Z
ENTRY-TXN-0003MV-00000744,TXN-0003MV-00000744,30938.87,INR,2026-08-19T17:44:15.033Z
ENTRY-TXN-0003MV-00000745,TXN-0003MV-00000745,4840.61,INR,2026-08-19T17:44:15.201Z
ENTRY-TXN-0003MV-00000746,TXN-0003MV-00000746,23554.42,INR,2026-08-19T17:44:15.426Z
ENTRY-TXN-0003MV-00000747,TXN-0003MV-00000747,27786.21,INR,2026-08-19T17:44:15.649Z
ENTRY-TXN-0003MV-00000748,TXN-0003MV-00000748,18419.00,INR,2026-08-19T17:44:15.525Z
ENTRY-TXN-0003MV-00000749,TXN-0003MV-00000749,2980.57,INR,2026-08-19T17:44:15.493Z
ENTRY-TXN-0003MV-00000750,TXN-0003MV-00000750,44539.56,INR,2026-08-19T17:44:15.580Z
ENTRY-TXN-0003MV-00000751,TXN-0003MV-00000751,42416.80,INR,2026-08-19T17:44:16.256Z
ENTRY-TXN-0003MV-00000752,TXN-0003MV-00000752,18889.41,INR,2026-08-19T17:44:15.771Z
ENTRY-TXN-0003MV-00000753,TXN-0003MV-00000753,252.51,INR,2026-08-19T17:44:16.101Z
ENTRY-TXN-0003MV-00000754,TXN-0003MV-00000754,28975.38,INR,2026-08-19T17:44:15.737Z
ENTRY-TXN-0003MV-00000755,TXN-0003MV-00000755,35062.91,INR,2026-08-19T17:44:16.148Z
ENTRY-TXN-0003MV-00000756,TXN-0003MV-00000756,31799.57,INR,2026-08-19T17:44:16.534Z
ENTRY-TXN-0003MV-00000757,TXN-0003MV-00000757,45227.03,INR,2026-08-19T17:44:16.237Z
ENTRY-TXN-0003MV-00000758,TXN-0003MV-00000758,20940.72,INR,2026-08-19T17:44:16.384Z
ENTRY-TXN-0003MV-00000759,TXN-0003MV-00000759,43913.73,INR,2026-08-19T17:44:16.199Z
ENTRY-TXN-0003MV-00000760,TXN-0003MV-00000760,24074.38,INR,2026-08-19T17:44:16.852Z
ENTRY-TXN-0003MV-00000761,TXN-0003MV-00000761,29121.54,INR,2026-08-19T17:44:16.980Z
ENTRY-TXN-0003MV-00000762,TXN-0003MV-00000762,36515.33,INR,2026-08-19T17:44:16.883Z
ENTRY-TXN-0003MV-00000763,TXN-0003MV-00000763,28850.14,INR,2026-08-19T17:44:16.877Z
ENTRY-TXN-0003MV-00000764,TXN-0003MV-00000764,40935.64,INR,2026-08-19T17:44:17.160Z
ENTRY-TXN-0003MV-00000765,TXN-0003MV-00000765,39082.83,INR,2026-08-19T17:44:17.055Z
ENTRY-TXN-0003MV-00000766,TXN-0003MV-00000766,1094.03,INR,2026-08-19T17:44:17.266Z
ENTRY-TXN-0003MV-00000767,TXN-0003MV-00000767,5578.31,INR,2026-08-19T17:44:17.356Z
ENTRY-TXN-0003MV-00000768,TXN-0003MV-00000768,15596.70,INR,2026-08-19T17:44:17.371Z
ENTRY-TXN-0003MV-00000769,TXN-0003MV-00000769,41879.49,INR,2026-08-19T17:44:17.400Z
ENTRY-TXN-0003MV-00000770,TXN-0003MV-00000770,38855.40,INR,2026-08-19T17:44:17.243Z
ENTRY-TXN-0003MV-00000771,TXN-0003MV-00000771,19069.49,INR,2026-08-19T17:44:17.800Z
ENTRY-TXN-0003MV-00000772,TXN-0003MV-00000772,21093.86,INR,2026-08-19T17:44:17.900Z
ENTRY-TXN-0003MV-00000773,TXN-0003MV-00000773,30841.91,INR,2026-08-19T17:44:18.303Z
ENTRY-TXN-0003MV-00000774,TXN-0003MV-00000774,5064.86,INR,2026-08-19T17:44:18.441Z
ENTRY-TXN-0003MV-00000775,TXN-0003MV-00000775,13224.60,INR,2026-08-19T17:44:18.576Z
ENTRY-TXN-0003MV-00000776,TXN-0003MV-00000776,849.59,INR,2026-08-19T17:44:18.312Z
ENTRY-TXN-0003MV-00000777,TXN-0003MV-00000777,42555.92,INR,2026-08-19T17:44:18.391Z
ENTRY-TXN-0003MV-00000778,TXN-0003MV-00000778,2884.38,INR,2026-08-19T17:44:18.428Z
ENTRY-TXN-0003MV-00000779,TXN-0003MV-00000779,21361.64,INR,2026-08-19T17:44:18.495Z
ENTRY-TXN-0003MV-00000780,TXN-0003MV-00000780,14196.53,INR,2026-08-19T17:44:18.465Z
ENTRY-TXN-0003MV-00000781,TXN-0003MV-00000781,25362.19,INR,2026-08-19T17:44:18.641Z
ENTRY-TXN-0003MV-00000782,TXN-0003MV-00000782,17989.69,INR,2026-08-19T17:44:19.000Z
ENTRY-TXN-0003MV-00000783,TXN-0003MV-00000783,18145.70,INR,2026-08-19T17:44:18.596Z
ENTRY-TXN-0003MV-00000784,TXN-0003MV-00000784,14646.18,INR,2026-08-19T17:44:19.334Z
ENTRY-TXN-0003MV-00000785,TXN-0003MV-00000785,29964.35,INR,2026-08-19T17:44:19.079Z
ENTRY-TXN-0003MV-00000786,TXN-0003MV-00000786,12593.44,INR,2026-08-19T17:44:19.165Z
ENTRY-TXN-0003MV-00000787,TXN-0003MV-00000787,22478.76,INR,2026-08-19T17:44:19.472Z
ENTRY-TXN-0003MV-00000788,TXN-0003MV-00000788,44802.43,INR,2026-08-19T17:44:19.815Z
ENTRY-TXN-0003MV-00000789,TXN-0003MV-00000789,23157.15,INR,2026-08-19T17:44:19.585Z
ENTRY-TXN-0003MV-00000790,TXN-0003MV-00000790,6959.80,INR,2026-08-19T17:44:19.728Z
ENTRY-TXN-0003MV-00000791,TXN-0003MV-00000791,46504.11,INR,2026-08-19T17:44:19.937Z
ENTRY-TXN-0003MV-00000792,TXN-0003MV-00000792,31372.61,INR,2026-08-19T17:44:19.674Z
ENTRY-TXN-0003MV-00000793,TXN-0003MV-00000793,10291.67,INR,2026-08-19T17:44:20.050Z
ENTRY-TXN-0003MV-00000794,TXN-0003MV-00000794,17256.89,INR,2026-08-19T17:44:20.203Z
ENTRY-TXN-0003MV-00000795,TXN-0003MV-00000795,23552.37,INR,2026-08-19T17:44:19.993Z
ENTRY-TXN-0003MV-00000796,TXN-0003MV-00000796,35992.16,INR,2026-08-19T17:44:20.303Z
ENTRY-TXN-0003MV-00000797,TXN-0003MV-00000797,45533.65,INR,2026-08-19T17:44:20.165Z
ENTRY-TXN-0003MV-00000798,TXN-0003MV-00000798,17850.73,INR,2026-08-19T17:44:20.426Z
ENTRY-TXN-0003MV-00000799,TXN-0003MV-00000799,15341.20,INR,2026-08-19T17:44:20.858Z
ENTRY-TXN-0003MV-00000800,TXN-0003MV-00000800,31347.34,INR,2026-08-19T17:44:20.954Z
ENTRY-TXN-0003MV-00000801,TXN-0003MV-00000801,19877.31,INR,2026-08-19T17:44:20.872Z
ENTRY-TXN-0003MV-00000802,TXN-0003MV-00000802,45756.81,INR,2026-08-19T17:44:21.009Z
ENTRY-TXN-0003MV-00000803,TXN-0003MV-00000803,24753.26,INR,2026-08-19T17:44:20.763Z
ENTRY-TXN-0003MV-00000804,TXN-0003MV-00000804,49680.26,INR,2026-08-19T17:44:21.394Z
ENTRY-TXN-0003MV-00000805,TXN-0003MV-00000805,32176.56,INR,2026-08-19T17:44:21.230Z
ENTRY-TXN-0003MV-00000806,TXN-0003MV-00000806,28098.89,INR,2026-08-19T17:44:21.144Z
ENTRY-TXN-0003MV-00000807,TXN-0003MV-00000807,36251.55,INR,2026-08-19T17:44:21.252Z
ENTRY-TXN-0003MV-00000808,TXN-0003MV-00000808,36189.35,INR,2026-08-19T17:44:21.182Z
ENTRY-TXN-0003MV-00000809,TXN-0003MV-00000809,35357.37,INR,2026-08-19T17:44:21.551Z
ENTRY-TXN-0003MV-00000810,TXN-0003MV-00000810,11756.61,INR,2026-08-19T17:44:21.577Z
ENTRY-TXN-0003MV-00000811,TXN-0003MV-00000811,23365.35,INR,2026-08-19T17:44:21.396Z
ENTRY-TXN-0003MV-00000812,TXN-0003MV-00000812,17608.03,INR,2026-08-19T17:44:22.068Z
ENTRY-TXN-0003MV-00000813,TXN-0003MV-00000813,6413.20,INR,2026-08-19T17:44:22.160Z
ENTRY-TXN-0003MV-00000814,TXN-0003MV-00000814,27465.76,INR,2026-08-19T17:44:22.233Z
ENTRY-TXN-0003MV-00000815,TXN-0003MV-00000815,43126.30,INR,2026-08-19T17:44:22.326Z
ENTRY-TXN-0003MV-00000816,TXN-0003MV-00000816,977.09,INR,2026-08-19T17:44:22.191Z
ENTRY-TXN-0003MV-00000817,TXN-0003MV-00000817,30975.41,INR,2026-08-19T17:44:22.464Z
ENTRY-TXN-0003MV-00000818,TXN-0003MV-00000818,17461.00,INR,2026-08-19T17:44:22.753Z
ENTRY-TXN-0003MV-00000819,TXN-0003MV-00000819,11315.75,INR,2026-08-19T17:44:22.621Z
ENTRY-TXN-0003MV-00000820,TXN-0003MV-00000820,9560.12,INR,2026-08-19T17:44:22.660Z
ENTRY-TXN-0003MV-00000821,TXN-0003MV-00000821,26021.52,INR,2026-08-19T17:44:22.555Z
ENTRY-TXN-0003MV-00000822,TXN-0003MV-00000822,315.82,INR,2026-08-19T17:44:22.962Z
ENTRY-TXN-0003MV-00000823,TXN-0003MV-00000823,21290.11,INR,2026-08-19T17:44:22.937Z
ENTRY-TXN-0003MV-00000824,TXN-0003MV-00000824,21715.00,INR,2026-08-19T17:44:22.873Z
ENTRY-TXN-0003MV-00000825,TXN-0003MV-00000825,48191.59,INR,2026-08-19T17:44:23.144Z
ENTRY-TXN-0003MV-00000826,TXN-0003MV-00000826,8618.42,INR,2026-08-19T17:44:23.153Z
ENTRY-TXN-0003MV-00000827,TXN-0003MV-00000827,9292.46,INR,2026-08-19T17:44:23.510Z
ENTRY-TXN-0003MV-00000828,TXN-0003MV-00000828,14605.06,INR,2026-08-19T17:44:23.492Z
ENTRY-TXN-0003MV-00000829,TXN-0003MV-00000829,726.28,INR,2026-08-19T17:44:23.631Z
ENTRY-TXN-0003MV-00000830,TXN-0003MV-00000830,29201.82,INR,2026-08-19T17:44:23.655Z
ENTRY-TXN-0003MV-00000831,TXN-0003MV-00000831,1936.28,INR,2026-08-19T17:44:24.140Z
ENTRY-TXN-0003MV-00000832,TXN-0003MV-00000832,47614.00,INR,2026-08-19T17:44:23.848Z
ENTRY-TXN-0003MV-00000833,TXN-0003MV-00000833,38084.32,INR,2026-08-19T17:44:23.975Z
ENTRY-TXN-0003MV-00000834,TXN-0003MV-00000834,25031.71,INR,2026-08-19T17:44:24.070Z
ENTRY-TXN-0003MV-00000835,TXN-0003MV-00000835,47731.14,INR,2026-08-19T17:44:24.085Z
ENTRY-TXN-0003MV-00000836,TXN-0003MV-00000836,46240.89,INR,2026-08-19T17:44:24.297Z
ENTRY-TXN-0003MV-00000837,TXN-0003MV-00000837,7758.29,INR,2026-08-19T17:44:24.180Z
ENTRY-TXN-0003MV-00000838,TXN-0003MV-00000838,12967.36,INR,2026-08-19T17:44:24.368Z
ENTRY-TXN-0003MV-00000839,TXN-0003MV-00000839,45645.54,INR,2026-08-19T17:44:24.622Z
ENTRY-TXN-0003MV-00000840,TXN-0003MV-00000840,2533.96,INR,2026-08-19T17:44:24.665Z
ENTRY-TXN-0003MV-00000841,TXN-0003MV-00000841,38202.98,INR,2026-08-19T17:44:25.099Z
ENTRY-TXN-0003MV-00000842,TXN-0003MV-00000842,23449.68,INR,2026-08-19T17:44:24.863Z
ENTRY-TXN-0003MV-00000843,TXN-0003MV-00000843,7569.44,INR,2026-08-19T17:44:24.412Z
ENTRY-TXN-0003MV-00000844,TXN-0003MV-00000844,25049.29,INR,2026-08-19T17:44:25.238Z
ENTRY-TXN-0003MV-00000845,TXN-0003MV-00000845,30628.77,INR,2026-08-19T17:44:25.479Z
ENTRY-TXN-0003MV-00000846,TXN-0003MV-00000846,29152.26,INR,2026-08-19T17:44:25.349Z
ENTRY-TXN-0003MV-00000847,TXN-0003MV-00000847,27433.54,INR,2026-08-19T17:44:25.412Z
ENTRY-TXN-0003MV-00000848,TXN-0003MV-00000848,48097.08,INR,2026-08-19T17:44:25.567Z
ENTRY-TXN-0003MV-00000849,TXN-0003MV-00000849,28558.28,INR,2026-08-19T17:44:25.294Z
ENTRY-TXN-0003MV-00000850,TXN-0003MV-00000850,44114.27,INR,2026-08-19T17:44:25.505Z
ENTRY-TXN-0003MV-00000851,TXN-0003MV-00000851,5114.61,INR,2026-08-19T17:44:25.581Z
ENTRY-TXN-0003MV-00000852,TXN-0003MV-00000852,42662.42,INR,2026-08-19T17:44:26.047Z
ENTRY-TXN-0003MV-00000853,TXN-0003MV-00000853,38935.28,INR,2026-08-19T17:44:25.809Z
ENTRY-TXN-0003MV-00000854,TXN-0003MV-00000854,32977.86,INR,2026-08-19T17:44:25.912Z
ENTRY-TXN-0003MV-00000855,TXN-0003MV-00000855,45325.21,INR,2026-08-19T17:44:26.004Z
ENTRY-TXN-0003MV-00000856,TXN-0003MV-00000856,45171.43,INR,2026-08-19T17:44:26.410Z
ENTRY-TXN-0003MV-00000857,TXN-0003MV-00000857,30490.33,INR,2026-08-19T17:44:26.672Z
ENTRY-TXN-0003MV-00000858,TXN-0003MV-00000858,30277.70,INR,2026-08-19T17:44:26.632Z
ENTRY-TXN-0003MV-00000859,TXN-0003MV-00000859,45736.80,INR,2026-08-19T17:44:26.262Z
ENTRY-TXN-0003MV-00000860,TXN-0003MV-00000860,48848.16,INR,2026-08-19T17:44:26.556Z
ENTRY-TXN-0003MV-00000861,TXN-0003MV-00000861,41833.68,INR,2026-08-19T17:44:26.744Z
ENTRY-TXN-0003MV-00000862,TXN-0003MV-00000862,24440.50,INR,2026-08-19T17:44:26.894Z
ENTRY-TXN-0003MV-00000863,TXN-0003MV-00000863,24210.08,INR,2026-08-19T17:44:26.831Z
ENTRY-TXN-0003MV-00000864,TXN-0003MV-00000864,29363.50,INR,2026-08-19T17:44:27.009Z
ENTRY-TXN-0003MV-00000865,TXN-0003MV-00000865,20205.12,INR,2026-08-19T17:44:27.095Z
ENTRY-TXN-0003MV-00000866,TXN-0003MV-00000866,8013.93,INR,2026-08-19T17:44:27.161Z
ENTRY-TXN-0003MV-00000868,TXN-0003MV-00000868,11713.81,INR,2026-08-19T17:44:27.451Z
ENTRY-TXN-0003MV-00000869,TXN-0003MV-00000869,19429.86,INR,2026-08-19T17:44:27.491Z
ENTRY-TXN-0003MV-00000870,TXN-0003MV-00000870,20543.01,INR,2026-08-19T17:44:28.097Z
ENTRY-TXN-0003MV-00000871,TXN-0003MV-00000871,13311.08,INR,2026-08-19T17:44:27.626Z
ENTRY-TXN-0003MV-00000872,TXN-0003MV-00000872,21812.46,INR,2026-08-19T17:44:27.680Z
ENTRY-TXN-0003MV-00000873,TXN-0003MV-00000873,25233.55,INR,2026-08-19T17:44:27.813Z
ENTRY-TXN-0003MV-00000874,TXN-0003MV-00000874,22127.85,INR,2026-08-19T17:44:27.965Z
ENTRY-TXN-0003MV-00000875,TXN-0003MV-00000875,14110.14,INR,2026-08-19T17:44:28.047Z
ENTRY-TXN-0003MV-00000876,TXN-0003MV-00000876,1291.01,INR,2026-08-19T17:44:28.401Z
ENTRY-TXN-0003MV-00000877,TXN-0003MV-00000877,41062.52,INR,2026-08-19T17:44:28.316Z
ENTRY-TXN-0003MV-00000878,TXN-0003MV-00000878,10852.05,INR,2026-08-19T17:44:28.506Z
ENTRY-TXN-0003MV-00000879,TXN-0003MV-00000879,40884.09,INR,2026-08-19T17:44:28.574Z
ENTRY-TXN-0003MV-00000881,TXN-0003MV-00000881,2850.46,INR,2026-08-19T17:44:28.877Z
ENTRY-TXN-0003MV-00000882,TXN-0003MV-00000882,15484.12,INR,2026-08-19T17:44:28.761Z
ENTRY-TXN-0003MV-00000883,TXN-0003MV-00000883,24376.31,INR,2026-08-19T17:44:28.971Z
ENTRY-TXN-0003MV-00000884,TXN-0003MV-00000884,10484.39,INR,2026-08-19T17:44:28.788Z
ENTRY-TXN-0003MV-00000885,TXN-0003MV-00000885,47090.62,INR,2026-08-19T17:44:29.420Z
ENTRY-TXN-0003MV-00000886,TXN-0003MV-00000886,42407.55,INR,2026-08-19T17:44:29.063Z
ENTRY-TXN-0003MV-00000887,TXN-0003MV-00000887,24287.51,INR,2026-08-19T17:44:29.397Z
ENTRY-TXN-0003MV-00000888,TXN-0003MV-00000888,44109.12,INR,2026-08-19T17:44:29.555Z
ENTRY-TXN-0003MV-00000889,TXN-0003MV-00000889,21739.22,INR,2026-08-19T17:44:29.662Z
ENTRY-TXN-0003MV-00000890,TXN-0003MV-00000890,14434.12,INR,2026-08-19T17:44:29.685Z
ENTRY-TXN-0003MV-00000891,TXN-0003MV-00000891,48533.78,INR,2026-08-19T17:44:29.723Z
ENTRY-TXN-0003MV-00000892,TXN-0003MV-00000892,14421.94,INR,2026-08-19T17:44:29.847Z
ENTRY-TXN-0003MV-00000893,TXN-0003MV-00000893,31953.67,INR,2026-08-19T17:44:30.116Z
ENTRY-TXN-0003MV-00000894,TXN-0003MV-00000894,4671.36,INR,2026-08-19T17:44:30.409Z
ENTRY-TXN-0003MV-00000895,TXN-0003MV-00000895,18468.25,INR,2026-08-19T17:44:30.190Z
ENTRY-TXN-0003MV-00000896,TXN-0003MV-00000896,27232.78,INR,2026-08-19T17:44:30.287Z
ENTRY-TXN-0003MV-00000897,TXN-0003MV-00000897,1998.08,INR,2026-08-19T17:44:30.261Z
ENTRY-TXN-0003MV-00000898,TXN-0003MV-00000898,35035.46,INR,2026-08-19T17:44:30.362Z
ENTRY-TXN-0003MV-00000899,TXN-0003MV-00000899,39192.64,INR,2026-08-19T17:44:30.704Z
ENTRY-TXN-0003MV-00000900,TXN-0003MV-00000900,45265.22,INR,2026-08-19T17:44:30.735Z
ENTRY-TXN-0003MV-00000901,TXN-0003MV-00000901,18207.69,INR,2026-08-19T17:44:30.824Z
ENTRY-TXN-0003MV-00000902,TXN-0003MV-00000902,23107.53,INR,2026-08-19T17:44:30.633Z
ENTRY-TXN-0003MV-00000903,TXN-0003MV-00000903,13362.60,INR,2026-08-19T17:44:31.083Z
ENTRY-TXN-0003MV-00000904,TXN-0003MV-00000904,9944.00,INR,2026-08-19T17:44:31.190Z
ENTRY-TXN-0003MV-00000905,TXN-0003MV-00000905,8688.88,INR,2026-08-19T17:44:31.167Z
ENTRY-TXN-0003MV-00000906,TXN-0003MV-00000906,30921.48,INR,2026-08-19T17:44:31.138Z
ENTRY-TXN-0003MV-00000907,TXN-0003MV-00000907,16150.10,INR,2026-08-19T17:44:31.507Z
ENTRY-TXN-0003MV-00000908,TXN-0003MV-00000908,45885.18,INR,2026-08-19T17:44:31.575Z
ENTRY-TXN-0003MV-00000909,TXN-0003MV-00000909,30966.41,INR,2026-08-19T17:44:31.534Z
ENTRY-TXN-0003MV-00000910,TXN-0003MV-00000910,31997.41,INR,2026-08-19T17:44:31.817Z
ENTRY-TXN-0003MV-00000911,TXN-0003MV-00000911,47615.06,INR,2026-08-19T17:44:31.809Z
ENTRY-TXN-0003MV-00000912,TXN-0003MV-00000912,862.62,INR,2026-08-19T17:44:31.733Z
ENTRY-TXN-0003MV-00000913,TXN-0003MV-00000913,4538.60,INR,2026-08-19T17:44:32.127Z
ENTRY-TXN-0003MV-00000914,TXN-0003MV-00000914,37524.20,INR,2026-08-19T17:44:31.604Z
ENTRY-TXN-0003MV-00000916,TXN-0003MV-00000916,47923.63,INR,2026-08-19T17:44:32.147Z
ENTRY-TXN-0003MV-00000917,TXN-0003MV-00000917,23566.31,INR,2026-08-19T17:44:32.214Z
ENTRY-TXN-0003MV-00000918,TXN-0003MV-00000918,23333.82,INR,2026-08-19T17:44:32.666Z
ENTRY-TXN-0003MV-00000919,TXN-0003MV-00000919,5918.27,INR,2026-08-19T17:44:32.566Z
ENTRY-TXN-0003MV-00000920,TXN-0003MV-00000920,48956.12,INR,2026-08-19T17:44:32.579Z
ENTRY-TXN-0003MV-00000921,TXN-0003MV-00000921,21398.41,INR,2026-08-19T17:44:32.880Z
ENTRY-TXN-0003MV-00000922,TXN-0003MV-00000922,8998.57,INR,2026-08-19T17:44:32.956Z
ENTRY-TXN-0003MV-00000923,TXN-0003MV-00000923,34308.09,INR,2026-08-19T17:44:32.875Z
ENTRY-TXN-0003MV-00000924,TXN-0003MV-00000924,37470.04,INR,2026-08-19T17:44:33.006Z
ENTRY-TXN-0003MV-00000925,TXN-0003MV-00000925,4815.75,INR,2026-08-19T17:44:33.132Z
ENTRY-TXN-0003MV-00000926,TXN-0003MV-00000926,33682.34,INR,2026-08-19T17:44:33.165Z
ENTRY-TXN-0003MV-00000927,TXN-0003MV-00000927,11125.30,INR,2026-08-19T17:44:33.107Z
ENTRY-TXN-0003MV-00000928,TXN-0003MV-00000928,8778.42,INR,2026-08-19T17:44:33.770Z
ENTRY-TXN-0003MV-00000930,TXN-0003MV-00000930,34946.77,INR,2026-08-19T17:44:33.703Z
ENTRY-TXN-0003MV-00000931,TXN-0003MV-00000931,33319.34,INR,2026-08-19T17:44:34.062Z
ENTRY-TXN-0003MV-00000932,TXN-0003MV-00000932,16682.51,INR,2026-08-19T17:44:33.658Z
ENTRY-TXN-0003MV-00000933,TXN-0003MV-00000933,35140.17,INR,2026-08-19T17:44:33.749Z
ENTRY-TXN-0003MV-00000934,TXN-0003MV-00000934,19733.01,INR,2026-08-19T17:44:33.999Z
ENTRY-TXN-0003MV-00000935,TXN-0003MV-00000935,38765.00,INR,2026-08-19T17:44:34.366Z
ENTRY-TXN-0003MV-00000936,TXN-0003MV-00000936,25938.14,INR,2026-08-19T17:44:34.015Z
ENTRY-TXN-0003MV-00000937,TXN-0003MV-00000937,42708.72,INR,2026-08-19T17:44:34.680Z
ENTRY-TXN-0003MV-00000938,TXN-0003MV-00000938,13092.25,INR,2026-08-19T17:44:34.518Z
ENTRY-TXN-0003MV-00000939,TXN-0003MV-00000939,42961.39,INR,2026-08-19T17:44:34.826Z
ENTRY-TXN-0003MV-00000940,TXN-0003MV-00000940,20713.69,INR,2026-08-19T17:44:34.767Z
ENTRY-TXN-0003MV-00000941,TXN-0003MV-00000941,10901.89,INR,2026-08-19T17:44:34.621Z
ENTRY-TXN-0003MV-00000942,TXN-0003MV-00000942,17285.60,INR,2026-08-19T17:44:34.757Z
ENTRY-TXN-0003MV-00000943,TXN-0003MV-00000943,31732.94,INR,2026-08-19T17:44:35.077Z
ENTRY-TXN-0003MV-00000944,TXN-0003MV-00000944,17476.85,INR,2026-08-19T17:44:35.127Z
ENTRY-TXN-0003MV-00000945,TXN-0003MV-00000945,37476.38,INR,2026-08-19T17:44:35.408Z
ENTRY-TXN-0003MV-00000946,TXN-0003MV-00000946,19722.15,INR,2026-08-19T17:44:35.658Z
ENTRY-TXN-0003MV-00000947,TXN-0003MV-00000947,20924.79,INR,2026-08-19T17:44:35.075Z
ENTRY-TXN-0003MV-00000948,TXN-0003MV-00000948,22068.17,INR,2026-08-19T17:44:35.477Z
ENTRY-TXN-0003MV-00000949,TXN-0003MV-00000949,17361.44,INR,2026-08-19T17:44:35.585Z
ENTRY-TXN-0003MV-00000950,TXN-0003MV-00000950,30447.38,INR,2026-08-19T17:44:35.945Z
ENTRY-TXN-0003MV-00000951,TXN-0003MV-00000951,2911.15,INR,2026-08-19T17:44:35.698Z
ENTRY-TXN-0003MV-00000952,TXN-0003MV-00000952,39727.53,INR,2026-08-19T17:44:35.621Z
ENTRY-TXN-0003MV-00000953,TXN-0003MV-00000953,18512.07,INR,2026-08-19T17:44:35.876Z
ENTRY-TXN-0003MV-00000954,TXN-0003MV-00000954,47630.07,INR,2026-08-19T17:44:35.713Z
ENTRY-TXN-0003MV-00000955,TXN-0003MV-00000955,39752.49,INR,2026-08-19T17:44:36.110Z
ENTRY-TXN-0003MV-00000956,TXN-0003MV-00000956,19025.53,INR,2026-08-19T17:44:36.118Z
ENTRY-TXN-0003MV-00000957,TXN-0003MV-00000957,48116.13,INR,2026-08-19T17:44:36.267Z
ENTRY-TXN-0003MV-00000958,TXN-0003MV-00000958,15289.64,INR,2026-08-19T17:44:36.499Z
ENTRY-TXN-0003MV-00000959,TXN-0003MV-00000959,9486.00,INR,2026-08-19T17:44:36.507Z
ENTRY-TXN-0003MV-00000960,TXN-0003MV-00000960,40319.03,INR,2026-08-19T17:44:36.569Z
ENTRY-TXN-0003MV-00000961,TXN-0003MV-00000961,18833.11,INR,2026-08-19T17:44:36.675Z
ENTRY-TXN-0003MV-00000962,TXN-0003MV-00000962,20327.80,INR,2026-08-19T17:44:36.995Z
ENTRY-TXN-0003MV-00000963,TXN-0003MV-00000963,37169.30,INR,2026-08-19T17:44:36.697Z
ENTRY-TXN-0003MV-00000964,TXN-0003MV-00000964,19359.90,INR,2026-08-19T17:44:37.064Z
ENTRY-TXN-0003MV-00000965,TXN-0003MV-00000965,25595.69,INR,2026-08-19T17:44:37.095Z
ENTRY-TXN-0003MV-00000966,TXN-0003MV-00000966,12899.03,INR,2026-08-19T17:44:37.008Z
ENTRY-TXN-0003MV-00000967,TXN-0003MV-00000967,4121.04,INR,2026-08-19T17:44:37.309Z
ENTRY-TXN-0003MV-00000968,TXN-0003MV-00000968,30988.27,INR,2026-08-19T17:44:37.176Z
ENTRY-TXN-0003MV-00000969,TXN-0003MV-00000969,24510.67,INR,2026-08-19T17:44:37.392Z
ENTRY-TXN-0003MV-00000970,TXN-0003MV-00000970,35861.26,INR,2026-08-19T17:44:37.411Z
ENTRY-TXN-0003MV-00000971,TXN-0003MV-00000971,21279.70,INR,2026-08-19T17:44:37.794Z
ENTRY-TXN-0003MV-00000972,TXN-0003MV-00000972,28587.10,INR,2026-08-19T17:44:37.706Z
ENTRY-TXN-0003MV-00000973,TXN-0003MV-00000973,41670.58,INR,2026-08-19T17:44:37.876Z
ENTRY-TXN-0003MV-00000974,TXN-0003MV-00000974,16062.79,INR,2026-08-19T17:44:37.870Z
ENTRY-TXN-0003MV-00000975,TXN-0003MV-00000975,8652.13,INR,2026-08-19T17:44:37.940Z
ENTRY-TXN-0003MV-00000976,TXN-0003MV-00000976,25606.08,INR,2026-08-19T17:44:38.305Z
ENTRY-TXN-0003MV-00000977,TXN-0003MV-00000977,44973.37,INR,2026-08-19T17:44:38.152Z
ENTRY-TXN-0003MV-00000979,TXN-0003MV-00000979,37101.10,INR,2026-08-19T17:44:38.644Z
ENTRY-TXN-0003MV-00000981,TXN-0003MV-00000981,27780.56,INR,2026-08-19T17:44:38.354Z
ENTRY-TXN-0003MV-00000982,TXN-0003MV-00000982,22025.28,INR,2026-08-19T17:44:38.904Z
ENTRY-TXN-0003MV-00000983,TXN-0003MV-00000983,28124.97,INR,2026-08-19T17:44:39.141Z
ENTRY-TXN-0003MV-00000984,TXN-0003MV-00000984,2569.13,INR,2026-08-19T17:44:39.284Z
ENTRY-TXN-0003MV-00000985,TXN-0003MV-00000985,40732.96,INR,2026-08-19T17:44:39.006Z
ENTRY-TXN-0003MV-00000986,TXN-0003MV-00000986,24705.36,INR,2026-08-19T17:44:38.784Z
ENTRY-TXN-0003MV-00000987,TXN-0003MV-00000987,35904.15,INR,2026-08-19T17:44:39.362Z
ENTRY-TXN-0003MV-00000988,TXN-0003MV-00000988,23078.42,INR,2026-08-19T17:44:39.439Z
ENTRY-TXN-0003MV-00000989,TXN-0003MV-00000989,28475.43,INR,2026-08-19T17:44:39.615Z
ENTRY-TXN-0003MV-00000990,TXN-0003MV-00000990,228.78,INR,2026-08-19T17:44:39.895Z
ENTRY-TXN-0003MV-00000991,TXN-0003MV-00000991,2549.36,INR,2026-08-19T17:44:39.456Z
ENTRY-TXN-0003MV-00000992,TXN-0003MV-00000992,3211.88,INR,2026-08-19T17:44:40.039Z
ENTRY-TXN-0003MV-00000993,TXN-0003MV-00000993,27133.41,INR,2026-08-19T17:44:40.028Z
ENTRY-TXN-0003MV-00000994,TXN-0003MV-00000994,18659.14,INR,2026-08-19T17:44:39.902Z
ENTRY-TXN-0003MV-00000995,TXN-0003MV-00000995,38579.03,INR,2026-08-19T17:44:40.185Z
ENTRY-TXN-0003MV-00000996,TXN-0003MV-00000996,24885.61,INR,2026-08-19T17:44:40.243Z
ENTRY-TXN-0003MV-00000997,TXN-0003MV-00000997,42784.26,INR,2026-08-19T17:44:40.172Z
ENTRY-TXN-0003MV-00000998,TXN-0003MV-00000998,43721.10,INR,2026-08-19T17:44:40.417Z
ENTRY-TXN-0003MV-00000999,TXN-0003MV-00000999,12273.68,INR,2026-08-19T17:44:40.688Z
ENTRY-TXN-0003MV-00001000,TXN-0003MV-00001000,38048.31,INR,2026-08-19T17:44:40.670Z
ENTRY-TXN-0003MV-00001001,TXN-0003MV-00001001,1429.17,INR,2026-08-19T17:44:40.852Z
ENTRY-TXN-0003MV-00001002,TXN-0003MV-00001002,26468.10,INR,2026-08-19T17:44:40.770Z
ENTRY-TXN-0003MV-00001003,TXN-0003MV-00001003,30193.99,INR,2026-08-19T17:44:41.078Z
ENTRY-TXN-0003MV-00001004,TXN-0003MV-00001004,196.63,INR,2026-08-19T17:44:41.009Z
ENTRY-TXN-0003MV-00001005,TXN-0003MV-00001005,5359.44,INR,2026-08-19T17:44:40.842Z
ENTRY-TXN-0003MV-00001006,TXN-0003MV-00001006,17298.56,INR,2026-08-19T17:44:41.214Z
ENTRY-TXN-0003MV-00001007,TXN-0003MV-00001007,48553.11,INR,2026-08-19T17:44:41.160Z
ENTRY-TXN-0003MV-00001008,TXN-0003MV-00001008,15588.90,INR,2026-08-19T17:44:41.626Z
ENTRY-TXN-0003MV-00001009,TXN-0003MV-00001009,32999.78,INR,2026-08-19T17:44:41.365Z
ENTRY-TXN-0003MV-00001010,TXN-0003MV-00001010,14804.01,INR,2026-08-19T17:44:41.646Z
ENTRY-TXN-0003MV-00001011,TXN-0003MV-00001011,15424.14,INR,2026-08-19T17:44:41.731Z
ENTRY-TXN-0003MV-00001012,TXN-0003MV-00001012,4950.29,INR,2026-08-19T17:44:41.981Z
ENTRY-TXN-0003MV-00001014,TXN-0003MV-00001014,1114.51,INR,2026-08-19T17:44:42.395Z
ENTRY-TXN-0003MV-00001015,TXN-0003MV-00001015,35696.72,INR,2026-08-19T17:44:42.329Z
ENTRY-TXN-0003MV-00001016,TXN-0003MV-00001016,11454.87,INR,2026-08-19T17:44:42.213Z
ENTRY-TXN-0003MV-00001017,TXN-0003MV-00001017,22807.30,INR,2026-08-19T17:44:42.406Z
ENTRY-TXN-0003MV-00001019,TXN-0003MV-00001019,16426.33,INR,2026-08-19T17:44:43.069Z
ENTRY-TXN-0003MV-00001020,TXN-0003MV-00001020,7013.91,INR,2026-08-19T17:44:42.616Z
ENTRY-TXN-0003MV-00001021,TXN-0003MV-00001021,32471.71,INR,2026-08-19T17:44:42.899Z
ENTRY-TXN-0003MV-00001022,TXN-0003MV-00001022,6620.85,INR,2026-08-19T17:44:43.088Z
ENTRY-TXN-0003MV-00001023,TXN-0003MV-00001023,48680.42,INR,2026-08-19T17:44:42.740Z
ENTRY-TXN-0003MV-00001024,TXN-0003MV-00001024,8777.34,INR,2026-08-19T17:44:43.157Z
ENTRY-TXN-0003MV-00001025,TXN-0003MV-00001025,19710.19,INR,2026-08-19T17:44:43.207Z
ENTRY-TXN-0003MV-00001026,TXN-0003MV-00001026,34839.06,INR,2026-08-19T17:44:43.220Z
ENTRY-TXN-0003MV-00001027,TXN-0003MV-00001027,16725.80,INR,2026-08-19T17:44:43.276Z
ENTRY-TXN-0003MV-00001028,TXN-0003MV-00001028,14511.15,INR,2026-08-19T17:44:43.443Z
ENTRY-TXN-0003MV-00001029,TXN-0003MV-00001029,37765.31,INR,2026-08-19T17:44:43.817Z
ENTRY-TXN-0003MV-00001030,TXN-0003MV-00001030,19270.11,INR,2026-08-19T17:44:43.690Z
ENTRY-TXN-0003MV-00001031,TXN-0003MV-00001031,25424.51,INR,2026-08-19T17:44:43.835Z
ENTRY-TXN-0003MV-00001032,TXN-0003MV-00001032,49549.54,INR,2026-08-19T17:44:43.783Z
ENTRY-TXN-0003MV-00001033,TXN-0003MV-00001033,48714.02,INR,2026-08-19T17:44:43.735Z
ENTRY-TXN-0003MV-00001034,TXN-0003MV-00001034,22443.45,INR,2026-08-19T17:44:43.854Z
ENTRY-TXN-0003MV-00001035,TXN-0003MV-00001035,23590.63,INR,2026-08-19T17:44:44.120Z
ENTRY-TXN-0003MV-00001036,TXN-0003MV-00001036,656.29,INR,2026-08-19T17:44:44.259Z
ENTRY-TXN-0003MV-00001037,TXN-0003MV-00001037,40493.49,INR,2026-08-19T17:44:44.296Z
ENTRY-TXN-0003MV-00001038,TXN-0003MV-00001038,22529.97,INR,2026-08-19T17:44:44.508Z
ENTRY-TXN-0003MV-00001039,TXN-0003MV-00001039,38498.28,INR,2026-08-19T17:44:44.393Z
ENTRY-TXN-0003MV-00001040,TXN-0003MV-00001040,18366.90,INR,2026-08-19T17:44:44.679Z
ENTRY-TXN-0003MV-00001041,TXN-0003MV-00001041,42296.35,INR,2026-08-19T17:44:45.041Z
ENTRY-TXN-0003MV-00001043,TXN-0003MV-00001043,48979.06,INR,2026-08-19T17:44:45.239Z
ENTRY-TXN-0003MV-00001044,TXN-0003MV-00001044,19814.28,INR,2026-08-19T17:44:45.231Z
ENTRY-TXN-0003MV-00001045,TXN-0003MV-00001045,6965.97,INR,2026-08-19T17:44:45.122Z
ENTRY-TXN-0003MV-00001046,TXN-0003MV-00001046,8320.37,INR,2026-08-19T17:44:45.092Z
ENTRY-TXN-0003MV-00001047,TXN-0003MV-00001047,13027.94,INR,2026-08-19T17:44:45.133Z
ENTRY-TXN-0003MV-00001048,TXN-0003MV-00001048,35537.70,INR,2026-08-19T17:44:45.136Z
ENTRY-TXN-0003MV-00001049,TXN-0003MV-00001049,5847.50,INR,2026-08-19T17:44:45.295Z
ENTRY-TXN-0003MV-00001050,TXN-0003MV-00001050,47272.56,INR,2026-08-19T17:44:45.756Z
ENTRY-TXN-0003MV-00001051,TXN-0003MV-00001051,24856.36,INR,2026-08-19T17:44:45.742Z
ENTRY-TXN-0003MV-00001052,TXN-0003MV-00001052,30063.19,INR,2026-08-19T17:44:45.570Z
ENTRY-TXN-0003MV-00001053,TXN-0003MV-00001053,21772.94,INR,2026-08-19T17:44:45.728Z
ENTRY-TXN-0003MV-00001054,TXN-0003MV-00001054,3699.49,INR,2026-08-19T17:44:46.184Z
ENTRY-TXN-0003MV-00001055,TXN-0003MV-00001055,49881.08,INR,2026-08-19T17:44:46.128Z
ENTRY-TXN-0003MV-00001056,TXN-0003MV-00001056,534.01,INR,2026-08-19T17:44:46.013Z
ENTRY-TXN-0003MV-00001057,TXN-0003MV-00001057,18263.29,INR,2026-08-19T17:44:46.214Z
ENTRY-TXN-0003MV-00001058,TXN-0003MV-00001058,4549.91,INR,2026-08-19T17:44:46.569Z
ENTRY-TXN-0003MV-00001059,TXN-0003MV-00001059,24195.95,INR,2026-08-19T17:44:46.437Z
ENTRY-TXN-0003MV-00001060,TXN-0003MV-00001060,15492.56,INR,2026-08-19T17:44:46.739Z
ENTRY-TXN-0003MV-00001061,TXN-0003MV-00001061,23199.88,INR,2026-08-19T17:44:46.377Z
ENTRY-TXN-0003MV-00001063,TXN-0003MV-00001063,12106.59,INR,2026-08-19T17:44:47.156Z
ENTRY-TXN-0003MV-00001064,TXN-0003MV-00001064,29966.94,INR,2026-08-19T17:44:47.089Z
ENTRY-TXN-0003MV-00001065,TXN-0003MV-00001065,45401.23,INR,2026-08-19T17:44:47.295Z
ENTRY-TXN-0003MV-00001066,TXN-0003MV-00001066,39771.83,INR,2026-08-19T17:44:47.321Z
ENTRY-TXN-0003MV-00001067,TXN-0003MV-00001067,22733.46,INR,2026-08-19T17:44:47.217Z
ENTRY-TXN-0003MV-00001068,TXN-0003MV-00001068,45093.72,INR,2026-08-19T17:44:47.644Z
ENTRY-TXN-0003MV-00001069,TXN-0003MV-00001069,6429.07,INR,2026-08-19T17:44:47.439Z
ENTRY-TXN-0003MV-00001070,TXN-0003MV-00001070,39791.30,INR,2026-08-19T17:44:47.530Z
ENTRY-TXN-0003MV-00001071,TXN-0003MV-00001071,21814.34,INR,2026-08-19T17:44:47.787Z
ENTRY-TXN-0003MV-00001072,TXN-0003MV-00001072,7831.46,INR,2026-08-19T17:44:48.076Z
ENTRY-TXN-0003MV-00001073,TXN-0003MV-00001073,5559.62,INR,2026-08-19T17:44:47.903Z
ENTRY-TXN-0003MV-00001074,TXN-0003MV-00001074,44837.23,INR,2026-08-19T17:44:48.209Z
ENTRY-TXN-0003MV-00001076,TXN-0003MV-00001076,29143.08,INR,2026-08-19T17:44:47.926Z
ENTRY-TXN-0003MV-00001077,TXN-0003MV-00001077,34757.22,INR,2026-08-19T17:44:48.186Z
ENTRY-TXN-0003MV-00001078,TXN-0003MV-00001078,19151.50,INR,2026-08-19T17:44:48.421Z
ENTRY-TXN-0003MV-00001079,TXN-0003MV-00001079,9114.12,INR,2026-08-19T17:44:48.632Z
ENTRY-TXN-0003MV-00001081,TXN-0003MV-00001081,43732.81,INR,2026-08-19T17:44:48.772Z
ENTRY-TXN-0003MV-00001083,TXN-0003MV-00001083,39885.16,INR,2026-08-19T17:44:49.004Z
ENTRY-TXN-0003MV-00001084,TXN-0003MV-00001084,23726.20,INR,2026-08-19T17:44:48.748Z
ENTRY-TXN-0003MV-00001085,TXN-0003MV-00001085,2031.88,INR,2026-08-19T17:44:49.104Z
ENTRY-TXN-0003MV-00001086,TXN-0003MV-00001086,12763.61,INR,2026-08-19T17:44:49.139Z
ENTRY-TXN-0003MV-00001087,TXN-0003MV-00001087,38178.44,INR,2026-08-19T17:44:49.313Z
ENTRY-TXN-0003MV-00001088,TXN-0003MV-00001088,7196.91,INR,2026-08-19T17:44:49.332Z
ENTRY-TXN-0003MV-00001089,TXN-0003MV-00001089,26673.19,INR,2026-08-19T17:44:49.841Z
ENTRY-TXN-0003MV-00001090,TXN-0003MV-00001090,39867.14,INR,2026-08-19T17:44:49.869Z
ENTRY-TXN-0003MV-00001091,TXN-0003MV-00001091,21588.80,INR,2026-08-19T17:44:49.330Z
ENTRY-TXN-0003MV-00001092,TXN-0003MV-00001092,38384.18,INR,2026-08-19T17:44:49.691Z
ENTRY-TXN-0003MV-00001093,TXN-0003MV-00001093,25338.24,INR,2026-08-19T17:44:49.776Z
ENTRY-TXN-0003MV-00001094,TXN-0003MV-00001094,45799.93,INR,2026-08-19T17:44:50.338Z
ENTRY-TXN-0003MV-00001095,TXN-0003MV-00001095,47496.22,INR,2026-08-19T17:44:50.063Z
ENTRY-TXN-0003MV-00001096,TXN-0003MV-00001096,6347.02,INR,2026-08-19T17:44:50.152Z
ENTRY-TXN-0003MV-00001097,TXN-0003MV-00001097,19110.28,INR,2026-08-19T17:44:50.423Z
ENTRY-TXN-0003MV-00001098,TXN-0003MV-00001098,33386.67,INR,2026-08-19T17:44:50.192Z
ENTRY-TXN-0003MV-00001099,TXN-0003MV-00001099,14191.58,INR,2026-08-19T17:44:50.308Z
ENTRY-TXN-0003MV-00001100,TXN-0003MV-00001100,14360.58,INR,2026-08-19T17:44:50.499Z
ENTRY-TXN-0003MV-00001102,TXN-0003MV-00001102,13771.83,INR,2026-08-19T17:44:50.770Z
ENTRY-TXN-0003MV-00001103,TXN-0003MV-00001103,14371.18,INR,2026-08-19T17:44:51.282Z
ENTRY-TXN-0003MV-00001104,TXN-0003MV-00001104,23961.26,INR,2026-08-19T17:44:50.981Z
ENTRY-TXN-0003MV-00001105,TXN-0003MV-00001105,25462.04,INR,2026-08-19T17:44:51.056Z
ENTRY-TXN-0003MV-00001106,TXN-0003MV-00001106,7566.66,INR,2026-08-19T17:44:51.099Z
ENTRY-TXN-0003MV-00001107,TXN-0003MV-00001107,9220.70,INR,2026-08-19T17:44:51.390Z
ENTRY-TXN-0003MV-00001108,TXN-0003MV-00001108,5178.72,INR,2026-08-19T17:44:51.622Z
ENTRY-TXN-0003MV-00001109,TXN-0003MV-00001109,11314.82,INR,2026-08-19T17:44:51.597Z
ENTRY-TXN-0003MV-00001110,TXN-0003MV-00001110,2925.14,INR,2026-08-19T17:44:51.554Z
ENTRY-TXN-0003MV-00001111,TXN-0003MV-00001111,38628.71,INR,2026-08-19T17:44:51.772Z
ENTRY-TXN-0003MV-00001112,TXN-0003MV-00001112,928.30,INR,2026-08-19T17:44:52.092Z
ENTRY-TXN-0003MV-00001113,TXN-0003MV-00001113,4584.06,INR,2026-08-19T17:44:51.593Z
ENTRY-TXN-0003MV-00001114,TXN-0003MV-00001114,32882.26,INR,2026-08-19T17:44:52.131Z
ENTRY-TXN-0003MV-00001115,TXN-0003MV-00001115,38702.76,INR,2026-08-19T17:44:52.399Z
ENTRY-TXN-0003MV-00001116,TXN-0003MV-00001116,47923.24,INR,2026-08-19T17:44:52.515Z
ENTRY-TXN-0003MV-00001117,TXN-0003MV-00001117,31715.22,INR,2026-08-19T17:44:52.897Z
ENTRY-TXN-0003MV-00001118,TXN-0003MV-00001118,23844.97,INR,2026-08-19T17:44:52.259Z
ENTRY-TXN-0003MV-00001120,TXN-0003MV-00001120,39477.80,INR,2026-08-19T17:44:52.641Z
ENTRY-TXN-0003MV-00001121,TXN-0003MV-00001121,31798.37,INR,2026-08-19T17:44:52.781Z
ENTRY-TXN-0003MV-00001122,TXN-0003MV-00001122,42115.19,INR,2026-08-19T17:44:52.856Z
ENTRY-TXN-0003MV-00001123,TXN-0003MV-00001123,12808.04,INR,2026-08-19T17:44:52.887Z
ENTRY-TXN-0003MV-00001124,TXN-0003MV-00001124,25061.41,INR,2026-08-19T17:44:52.993Z
ENTRY-TXN-0003MV-00001125,TXN-0003MV-00001125,27630.82,INR,2026-08-19T17:44:52.930Z
ENTRY-TXN-0003MV-00001126,TXN-0003MV-00001126,46893.59,INR,2026-08-19T17:44:53.009Z
ENTRY-TXN-0003MV-00001127,TXN-0003MV-00001127,1519.51,INR,2026-08-19T17:44:53.104Z
ENTRY-TXN-0003MV-00001128,TXN-0003MV-00001128,12483.49,INR,2026-08-19T17:44:53.117Z
ENTRY-TXN-0003MV-00001129,TXN-0003MV-00001129,2435.57,INR,2026-08-19T17:44:53.436Z
ENTRY-TXN-0003MV-00001130,TXN-0003MV-00001130,26664.73,INR,2026-08-19T17:44:53.769Z
ENTRY-TXN-0003MV-00001131,TXN-0003MV-00001131,8262.35,INR,2026-08-19T17:44:53.973Z
ENTRY-TXN-0003MV-00001133,TXN-0003MV-00001133,13226.86,INR,2026-08-19T17:44:53.953Z
ENTRY-TXN-0003MV-00001134,TXN-0003MV-00001134,11343.42,INR,2026-08-19T17:44:54.260Z
ENTRY-TXN-0003MV-00001135,TXN-0003MV-00001135,18466.76,INR,2026-08-19T17:44:54.180Z
ENTRY-TXN-0003MV-00001136,TXN-0003MV-00001136,46852.12,INR,2026-08-19T17:44:54.352Z
ENTRY-TXN-0003MV-00001137,TXN-0003MV-00001137,37655.68,INR,2026-08-19T17:44:54.696Z
ENTRY-TXN-0003MV-00001138,TXN-0003MV-00001138,18050.56,INR,2026-08-19T17:44:54.519Z
ENTRY-TXN-0003MV-00001139,TXN-0003MV-00001139,1393.82,INR,2026-08-19T17:44:54.454Z
ENTRY-TXN-0003MV-00001140,TXN-0003MV-00001140,3099.17,INR,2026-08-19T17:44:54.487Z
ENTRY-TXN-0003MV-00001141,TXN-0003MV-00001141,15996.85,INR,2026-08-19T17:44:55.096Z
ENTRY-TXN-0003MV-00001142,TXN-0003MV-00001142,29559.69,INR,2026-08-19T17:44:54.844Z
ENTRY-TXN-0003MV-00001143,TXN-0003MV-00001143,13907.31,INR,2026-08-19T17:44:54.549Z
ENTRY-TXN-0003MV-00001144,TXN-0003MV-00001144,24079.93,INR,2026-08-19T17:44:55.125Z
ENTRY-TXN-0003MV-00001145,TXN-0003MV-00001145,42403.58,INR,2026-08-19T17:44:55.268Z
ENTRY-TXN-0003MV-00001146,TXN-0003MV-00001146,41241.21,INR,2026-08-19T17:44:55.287Z
ENTRY-TXN-0003MV-00001147,TXN-0003MV-00001147,34363.84,INR,2026-08-19T17:44:55.345Z
ENTRY-TXN-0003MV-00001148,TXN-0003MV-00001148,266.88,INR,2026-08-19T17:44:55.601Z
ENTRY-TXN-0003MV-00001149,TXN-0003MV-00001149,8525.98,INR,2026-08-19T17:44:55.602Z
ENTRY-TXN-0003MV-00001150,TXN-0003MV-00001150,32153.79,INR,2026-08-19T17:44:55.763Z
ENTRY-TXN-0003MV-00001151,TXN-0003MV-00001151,32318.12,INR,2026-08-19T17:44:55.613Z
ENTRY-TXN-0003MV-00001152,TXN-0003MV-00001152,22741.49,INR,2026-08-19T17:44:55.369Z
ENTRY-TXN-0003MV-00001153,TXN-0003MV-00001153,4098.36,INR,2026-08-19T17:44:55.664Z
ENTRY-TXN-0003MV-00001154,TXN-0003MV-00001154,21349.07,INR,2026-08-19T17:44:56.338Z
ENTRY-TXN-0003MV-00001155,TXN-0003MV-00001155,38504.27,INR,2026-08-19T17:44:56.391Z
ENTRY-TXN-0003MV-00001156,TXN-0003MV-00001156,11416.31,INR,2026-08-19T17:44:56.072Z
ENTRY-TXN-0003MV-00001157,TXN-0003MV-00001157,8712.72,INR,2026-08-19T17:44:56.287Z
ENTRY-TXN-0003MV-00001158,TXN-0003MV-00001158,8401.90,INR,2026-08-19T17:44:56.330Z
ENTRY-TXN-0003MV-00001159,TXN-0003MV-00001159,7518.10,INR,2026-08-19T17:44:56.245Z
ENTRY-TXN-0003MV-00001160,TXN-0003MV-00001160,13243.78,INR,2026-08-19T17:44:56.362Z
ENTRY-TXN-0003MV-00001161,TXN-0003MV-00001161,24826.85,INR,2026-08-19T17:44:56.841Z
ENTRY-TXN-0003MV-00001162,TXN-0003MV-00001162,4531.51,INR,2026-08-19T17:44:56.988Z
ENTRY-TXN-0003MV-00001163,TXN-0003MV-00001163,21590.00,INR,2026-08-19T17:44:56.931Z
ENTRY-TXN-0003MV-00001164,TXN-0003MV-00001164,18776.17,INR,2026-08-19T17:44:57.158Z
ENTRY-TXN-0003MV-00001166,TXN-0003MV-00001166,32284.76,INR,2026-08-19T17:44:57.083Z
ENTRY-TXN-0003MV-00001167,TXN-0003MV-00001167,35639.52,INR,2026-08-19T17:44:57.303Z
ENTRY-TXN-0003MV-00001168,TXN-0003MV-00001168,13016.45,INR,2026-08-19T17:44:57.584Z
ENTRY-TXN-0003MV-00001169,TXN-0003MV-00001169,21519.08,INR,2026-08-19T17:44:57.643Z
ENTRY-TXN-0003MV-00001170,TXN-0003MV-00001170,8370.49,INR,2026-08-19T17:44:57.693Z
ENTRY-TXN-0003MV-00001171,TXN-0003MV-00001171,45389.87,INR,2026-08-19T17:44:57.544Z
ENTRY-TXN-0003MV-00001172,TXN-0003MV-00001172,33667.42,INR,2026-08-19T17:44:58.004Z
ENTRY-TXN-0003MV-00001173,TXN-0003MV-00001173,34668.54,INR,2026-08-19T17:44:57.895Z
ENTRY-TXN-0003MV-00001174,TXN-0003MV-00001174,46074.33,INR,2026-08-19T17:44:58.057Z
ENTRY-TXN-0003MV-00001175,TXN-0003MV-00001175,49082.42,INR,2026-08-19T17:44:58.325Z
ENTRY-TXN-0003MV-00001176,TXN-0003MV-00001176,41102.65,INR,2026-08-19T17:44:58.502Z
ENTRY-TXN-0003MV-00001178,TXN-0003MV-00001178,27171.63,INR,2026-08-19T17:44:58.574Z
ENTRY-TXN-0003MV-00001179,TXN-0003MV-00001179,44377.78,INR,2026-08-19T17:44:58.301Z
ENTRY-TXN-0003MV-00001180,TXN-0003MV-00001180,8139.88,INR,2026-08-19T17:44:58.917Z
ENTRY-TXN-0003MV-00001181,TXN-0003MV-00001181,6178.55,INR,2026-08-19T17:44:58.817Z
ENTRY-TXN-0003MV-00001182,TXN-0003MV-00001182,38711.84,INR,2026-08-19T17:44:59.010Z
ENTRY-TXN-0003MV-00001183,TXN-0003MV-00001183,28459.09,INR,2026-08-19T17:44:58.763Z
ENTRY-TXN-0003MV-00001184,TXN-0003MV-00001184,36639.34,INR,2026-08-19T17:44:58.956Z
ENTRY-TXN-0003MV-00001185,TXN-0003MV-00001185,29540.82,INR,2026-08-19T17:44:59.122Z
ENTRY-TXN-0003MV-00001186,TXN-0003MV-00001186,1870.03,INR,2026-08-19T17:44:59.232Z
ENTRY-TXN-0003MV-00001187,TXN-0003MV-00001187,3882.51,INR,2026-08-19T17:44:59.419Z
ENTRY-TXN-0003MV-00001188,TXN-0003MV-00001188,5997.58,INR,2026-08-19T17:44:59.514Z
ENTRY-TXN-0003MV-00001189,TXN-0003MV-00001189,16853.69,INR,2026-08-19T17:44:59.487Z
ENTRY-TXN-0003MV-00001190,TXN-0003MV-00001190,9461.17,INR,2026-08-19T17:44:59.600Z
ENTRY-TXN-0003MV-00001191,TXN-0003MV-00001191,27528.67,INR,2026-08-19T17:44:59.519Z
ENTRY-TXN-0003MV-00001192,TXN-0003MV-00001192,30203.62,INR,2026-08-19T17:44:59.721Z
ENTRY-TXN-0003MV-00001193,TXN-0003MV-00001193,30142.94,INR,2026-08-19T17:44:59.863Z
ENTRY-TXN-0003MV-00001194,TXN-0003MV-00001194,4331.51,INR,2026-08-19T17:45:00.297Z
ENTRY-TXN-0003MV-00001195,TXN-0003MV-00001195,17690.49,INR,2026-08-19T17:45:00.222Z
ENTRY-TXN-0003MV-00001197,TXN-0003MV-00001197,6267.93,INR,2026-08-19T17:45:00.618Z
ENTRY-TXN-0003MV-00001198,TXN-0003MV-00001198,12283.42,INR,2026-08-19T17:45:00.750Z
ENTRY-TXN-0003MV-00001199,TXN-0003MV-00001199,17797.51,INR,2026-08-19T17:45:00.431Z
